Scene,Figure,Ground,ground_lightsource,ground_container,support,ground_verticality,size_ratio,shortest_distance,contact_proportion,above_proportion,below_proportion,bbox_overlap_proportion,horizontal_distance,f_covers_g,g_covers_f,figure_lightsource,figure_container,location_control,selection_ratio,selected_atleast_once
compsva12,box,book,-0.12166736738870315,-0.5968659206925575,1.6509878592065295,-0.3832424471159501,-0.20035649286583077,-0.5712252268324237,-0.4495031203312162,1.2692212394067945,-0.7484621051199398,-0.34557358567295404,-0.7129907286563124,1.1166660752779285,0.2816420195996203,-0.1216673673887032,1.6726983209532167,0.7294273141541625,0.0,0
compsva12,pear,book,-0.12166736738870315,-0.5968659206925575,1.6837178985981087,-0.3832424471159501,-0.21258522951111464,-0.602573893987224,2.4845704466035174,1.2428633263776436,-0.7484621051199398,0.8867377279507779,-0.6065703577967763,-0.2855786805286381,1.3275944330716278,-0.1216673673887032,-0.5968659206925575,-0.6759038050766987,0.0,0
compsva13,balloon,book,-0.12166736738870315,-0.5968659206925575,-0.6282480394372745,-0.3832424471159501,-0.17916756647820015,1.2108034431575931,-0.4495031203312162,1.311752681188536,-0.7484621051199398,-0.3570435486078057,0.28017100727470273,-0.8740550690873288,-0.875450400627552,-0.1216673673887032,-0.5968659206925575,-0.8053027946095308,0.25,1
compsva13,pear,book,-0.12166736738870315,-0.5968659206925575,1.6837178985981087,-0.3832424471159501,-0.21321548818119482,-0.602573893987224,0.001892861481618648,1.2693591808962448,-0.7484621051199398,-0.3115826986384105,-0.7917352934686219,-0.705019266213026,1.5240177774945138,-0.1216673673887032,-0.5968659206925575,0.014782098484513164,0.0,0
compsva14,book,box,-0.12166736738870315,1.6726983209532167,1.6837178985981087,-0.3832424471159501,-0.2132804533276898,-0.5930210140319722,0.9840589501397987,1.311752681188536,-0.7484621051199398,-0.3570435486078057,0.9620683535840391,0.4032076951161969,0.7539185434925848,-0.1216673673887032,-0.5968659206925575,1.211665031212988,0.0,0
compsva14,table,box,-0.12166736738870315,1.6726983209532167,-0.6282480394372745,-0.3832424471159501,-0.1777829824816178,-0.3336080490040548,-0.4495031203312162,0.8026561066590434,-0.7484621051199398,-0.20001154142321942,1.8662140266554257,1.536002907966404,-0.6828057146968908,-0.1216673673887032,-0.5968659206925575,-0.7882001674365253,0.0,0
compsva15,balloon,book,-0.12166736738870315,-0.5968659206925575,-0.6282480394372745,-0.3832424471159501,-0.17916757803170852,0.6621464713628339,-0.4495031203312162,1.311752681188536,-0.7484621051199398,-0.3570435486078057,-0.526651798311571,0.1406157311277462,-0.16702973609106853,-0.1216673673887032,-0.5968659206925575,-0.8053027946095308,0.0,0
compsva15,pear,book,-0.12166736738870315,-0.5968659206925575,1.6837178985981087,-0.3832424471159501,-0.21321548818119482,-0.602573893987224,0.001892861481618648,1.2693591808962448,-0.7484621051199398,-0.3115826986384105,-0.7917352934686219,-0.705019266213026,1.5240177774945138,-0.1216673673887032,-0.5968659206925575,0.03455258343989477,0.0,0
compsva23,balloon,book,-0.12166736738870315,-0.5968659206925575,-0.6282480394372745,-0.3832424471159501,-0.18025292616150496,0.6636801276617424,-0.4495031203312162,1.311752681188536,-0.7484621051199398,-0.3570435486078057,-0.5258335325228158,0.13802973891836728,-0.1687969444042555,-0.1216673673887032,-0.5968659206925575,-0.8053027946095308,0.0,0
compsva23,box,book,-0.12166736738870315,-0.5968659206925575,1.6837178985981087,-0.3832424471159501,-0.20080556618266857,-0.5802597573252285,-0.3919965103872463,1.1173234864958699,-0.7484621051199398,-0.31640877810193685,-0.6768049013707763,0.9990082498671534,0.2036247514688882,-0.1216673673887032,1.6726983209532167,1.576287047070345,0.0,0
compsva24,picture,bin,-0.12166736738870315,1.6726983209532167,1.6837178985981087,-0.3832424471159501,-0.21321240686051252,-0.2108593256751788,-0.4495031203312162,1.311752681188536,-0.7484621051199398,-0.3570435486078057,-0.8977091733418912,1.536002907966404,0.33425875754356993,-0.1216673673887032,-0.5968659206925575,-0.1879105766459476,0.0,0
compsva24,table,bin,-0.12166736738870315,1.6726983209532167,-0.6282480394372745,-0.3832424471159501,-0.18327511598797502,-0.387744065621221,-0.4495031203312162,0.8026561066590434,-0.7484621051199398,-0.1790970453566087,-0.42240047819179094,1.4167004589920877,-0.7060572571886653,-0.1216673673887032,-0.5968659206925575,-0.7990253522920698,0.0,0
compsva25,picture,bin,-0.12166736738870315,1.6726983209532167,1.3738814017884535,-0.3832424471159501,-0.21313819717429522,-0.23279427277511766,-0.4495031203312162,0.8682109144677286,-0.7484621051199398,-0.10097160385772859,-0.914764710758743,1.536002907966404,0.31796276941185403,-0.1216673673887032,-0.5968659206925575,0.06328040692011759,0.0,0
compsva25,table,bin,-0.12166736738870315,1.6726983209532167,-0.6282480394372745,-0.3832424471159501,-0.18309996480108418,-0.33643604090835166,-0.4495031203312162,0.8026561066590434,-0.7484621051199398,-0.30817898487685963,0.6996502869892026,-0.24252203074538234,-0.8288680612100796,-0.1216673673887032,-0.5968659206925575,-0.8013114815433261,0.0,0
compsva34,balloon,bin,-0.12166736738870315,1.6726983209532167,-0.6282480394372745,-0.3832424471159501,-0.2098312535727111,1.1626961459572545,-0.4495031203312162,1.311752681188536,-0.7484621051199398,-0.3570435486078057,-0.6995237544122417,0.5118976947943545,0.3896108892105787,-0.1216673673887032,-0.5968659206925575,-0.8053027946095308,0.0,0
compsva34,table,bin,-0.12166736738870315,1.6726983209532167,-0.6282480394372745,-0.3832424471159501,-0.1830999532475758,-0.37208029332549714,-0.4495031203312162,0.8026561066590434,-0.7484621051199398,-0.1705665621578149,0.4177841490977299,1.536002907966404,-0.6976828253108379,-0.1216673673887032,-0.5968659206925575,-0.14088258634233614,0.0,0
compsvi12,pencil,cup,-0.12166736738870315,1.6726983209532167,1.6837178985981087,-0.3832424471159501,-0.21261962488320785,-0.602573893987224,2.412757657805914,0.4045081785115099,-0.7484621051199398,1.9900645039075766,-0.9052264769587872,0.32114787206129186,1.0262740181994152,-0.1216673673887032,-0.5968659206925575,1.2786349232808496,0.0,0
compsvi12,pencil,table,-0.12166736738870315,-0.5968659206925575,1.6184520249537453,-0.3832424471159501,-0.2134197986693893,-0.33342178373665343,-0.4495031203312162,1.311752681188536,-0.7484621051199398,-0.3570435486078057,-0.8546977279860785,-0.8550161147707215,1.5240177774945138,-0.1216673673887032,-0.5968659206925575,0.9237697475987677,0.6,1
compsvi12,cup,table,-0.12166736738870315,-0.5968659206925575,1.6788126004673791,-0.3832424471159501,-0.213418455006764,-0.5830572548103938,0.024028543696596127,1.311752681188536,-0.7484621051199398,-0.3570435486078057,-0.9080336571409122,-0.8429462335241572,1.5240177774945138,-0.1216673673887032,1.6726983209532167,0.8751344621401598,0.0,0
compsvi12,cube,cup,-0.12166736738870315,1.6726983209532167,0.28855026226437275,-0.3832424471159501,-0.21328341865114805,-0.602573893987224,3.048815686243471,-0.9059561524155018,-0.7484621051199398,1.9493280575188374,-0.8112137835678138,-0.530597947783199,0.2549208221275996,-0.1216673673887032,-0.5968659206925575,1.8432595489531811,0.0,0
compsvi12,cube,table,-0.12166736738870315,-0.5968659206925575,1.680237696271584,-0.3832424471159501,-0.21342233171197747,-0.5798809339657265,1.2996562829561276,1.311752681188536,-0.7484621051199398,-0.3570435486078057,-0.8100521085099534,-0.8646490851742515,1.5240177774945138,-0.1216673673887032,-0.5968659206925575,1.4278986269958416,0.0,0
compsvi13,pencil (1),mug,-0.12166736738870315,1.6726983209532167,1.3323832315768749,-0.3832424471159501,-0.2124112328663152,-0.602573893987224,1.9887187389596213,0.4045081785115099,-0.7484621051199398,2.6024360020260717,-0.9463758086996845,0.4466227205206404,1.5073973812651158,-0.1216673673887032,-0.5968659206925575,1.8432595489531811,0.0,0
compsvi13,pencil,mug,-0.12166736738870315,1.6726983209532167,1.1401631467363,-0.3832424471159501,-0.21321346862793172,-0.4971990209957124,-0.4495031203312162,-0.9059561524155018,-0.7484621051199398,1.8839843633217308,-0.7834021765789266,-0.3993187156919143,0.23533108402777536,-0.1216673673887032,-0.5968659206925575,0.7976064735740364,0.0,0
compsvi14,ball,bowl,-0.12166736738870315,1.6726983209532167,-0.052016423400461156,-0.3832424471159501,-0.21291439601221918,-0.602573893987224,2.743137486571305,-0.5614577057452173,-0.7484621051199398,3.1819072641816097,-0.9619212940188785,-0.10734983200376291,1.5240177774945138,-0.1216673673887032,-0.5968659206925575,1.221108877533312,0.0,0
compsvi14,pencil,bowl,-0.12166736738870315,1.6726983209532167,1.6837178985981087,-0.3832424471159501,-0.21314806410151346,-0.602573893987224,0.6105938269526342,0.7405245542059091,-0.7484621051199398,0.06817167142220154,-0.8605737851110677,0.6243112340470605,0.44230872917894914,-0.1216673673887032,-0.5968659206925575,1.2154070458986845,0.0,0
compsvi14a,cube,bowl,-0.12166736738870315,1.6726983209532167,1.6837178985981087,-0.3832424471159501,-0.21317655262691737,-0.602573893987224,2.1742359845997994,0.20289826438651715,-0.7484621051199398,2.0920581239121403,-0.9351395859340043,-0.4071012749114162,1.5240177774945138,-0.1216673673887032,-0.5968659206925575,1.082308431920464,0.0,0
compsvi14a,pear,bowl,-0.12166736738870315,1.6726983209532167,1.6837178985981087,-0.3832424471159501,-0.2124366548595275,-0.6000361548136733,0.8127336842341326,1.261410468894841,-0.7484621051199398,0.6902591696422785,-0.8796011643683548,0.19630060269916821,0.9561824334078379,-0.1216673673887032,-0.5968659206925575,1.484210770407266,0.0,0
compsvi15,pencil,box,-0.12166736738870315,1.6726983209532167,-0.6282480394372745,-0.3832424471159501,-0.21342093891054803,-0.602573893987224,2.412757657805914,-0.9059561524155018,-0.7484621051199398,1.9722149227559063,-0.5538496299118854,-0.8282629793995372,0.26613761601986674,-0.1216673673887032,-0.5968659206925575,-0.13761440224089333,0.5,1
compsvi15,pear,box,-0.12166736738870315,1.6726983209532167,-0.3546770403316422,-0.3832424471159501,-0.2130927075457896,-0.602573893987224,6.5471344928181585,-0.9059561524155018,-0.7484621051199398,4.484547264095121,-0.581654316623191,-0.008334287057094067,1.5240177774945138,-0.1216673673887032,-0.5968659206925575,1.782450875037032,0.0,0
compsvi16,pear,bowl,-0.12166736738870315,1.6726983209532167,-0.6282480394372745,-0.3832424471159501,-0.2129981757004896,-0.602573893987224,0.001892861481618648,-0.03688995085073594,-0.7399214387497114,-0.036945906792150686,-0.6604709549858065,-0.8161331576010258,-0.6349711408266202,-0.1216673673887032,-0.5968659206925575,1.3286033625950897,1.0,1
compsvi16,pencil,bowl,-0.12166736738870315,1.6726983209532167,1.6837178985981087,-0.3832424471159501,-0.21267985470876227,-0.602573893987224,1.1406416009307978,0.4045081785115099,-0.7484621051199398,1.404211572196866,-0.840933143782501,0.17097595448208527,0.8158754512666928,-0.1216673673887032,-0.5968659206925575,1.5380612075484656,0.0,0
compsvi23,box,table,-0.12166736738870315,-0.5968659206925575,1.6837178985981087,-0.3832424471159501,-0.21340174395333458,-0.602573893987224,0.5281090668036933,-0.9059561524155018,-0.7484621051199398,4.538752044159563,0.5755016478825381,-0.7585597404982047,1.5240177774945138,-0.1216673673887032,1.6726983209532167,1.727633845068549,0.0,0
compsvi23,box (1),table,-0.12166736738870315,-0.5968659206925575,-0.6282480394372745,-0.3832424471159501,-0.21338541592296997,-0.3959606841730068,-0.4495031203312162,-0.9059561524155018,-0.6252114358610876,4.538744700466174,0.18000227069296404,-0.680564070511745,1.5240177774945138,-0.1216673673887032,1.6726983209532167,-0.8041443245591213,0.0,0
compsvi24,cube,cup,-0.12166736738870315,1.6726983209532167,-0.0018490745110315144,-0.3832424471159501,-0.21326817610755536,-0.5992838364883207,1.2996562829561276,-0.9059561524155018,-0.4506063329919444,1.858821442713584,-0.8095429928139246,-0.5224203800612579,0.21325933604450173,-0.1216673673887032,-0.5968659206925575,1.8432595489531811,0.0,0
compsvi24,pencil,cup,-0.12166736738870315,1.6726983209532167,1.6837178985981087,-0.3832424471159501,-0.2132614993350683,-0.5773736827661422,0.0805452133779567,0.7405245542059091,-0.7484621051199398,-0.33551577091467577,-0.9023288958978162,1.043719886463252,0.10789652882180144,-0.1216673673887032,-0.5968659206925575,1.8432595489531811,0.0,0
compsvi24a,pear,cup,-0.12166736738870315,1.6726983209532167,1.658870738268855,-0.3832424471159501,-0.21087777382692813,-0.602573893987224,0.46164800611638757,0.8851681815221152,-0.7484621051199398,0.350671120782037,-0.6396468131085454,1.536002907966404,0.07903452584126017,-0.1216673673887032,-0.5968659206925575,1.6362084526014005,0.0,0
compsvi24a,cube,cup,-0.12166736738870315,1.6726983209532167,0.3039003289133649,-0.3832424471159501,-0.21334666200139762,-0.599122666349585,3.923395387887143,-0.9059561524155018,-0.7484621051199398,2.533492918909162,-0.8273806166562417,-0.5912540459438896,0.541224405353853,-0.1216673673887032,-0.5968659206925575,1.7367123222135787,0.0,0
compsvi25,pencil,box,-0.12166736738870315,1.6726983209532167,-0.6169813970835976,-0.3832424471159501,-0.21342047910286657,-0.602573893987224,2.412757657805914,-0.9059561524155018,-0.7484621051199398,1.9631802215690137,-0.5531009471339768,-0.8278396286152879,0.26170963744396053,-0.1216673673887032,-0.5968659206925575,1.4064229578752392,1.0,1
compsvi25,pencil (1),box,-0.12166736738870315,1.6726983209532167,1.6837178985981087,-0.3832424471159501,-0.21340834836619874,-0.5053391764540857,-0.4495031203312162,-0.9059561524155018,-0.7484621051199398,1.4162092088765017,-0.3124233888433995,-0.6159708775391597,-0.006365186033100055,-0.1216673673887032,-0.5968659206925575,1.8432595489531811,0.0,0
compsvi26,cube,cup,-0.12166736738870315,1.6726983209532167,0.021745000279807237,-0.3832424471159501,-0.21325668521920063,-0.5950595845540027,1.2996562829561276,-0.9059561524155018,-0.4506063329919444,1.8151994144024677,-0.8083264118174506,-0.5103893706398057,0.19861082276388428,-0.1216673673887032,-0.5968659206925575,1.609095450960642,0.0,0
compsvi26,pencil,cup,-0.12166736738870315,1.6726983209532167,-0.6282480394372745,-0.3832424471159501,-0.2132634190660191,-0.0938157158896292,-0.4495031203312162,-0.9059561524155018,-0.3332692684044596,-0.3570435486078057,-0.4240653372791816,-0.8740550690873288,-0.875450400627552,-0.1216673673887032,-0.5968659206925575,-0.7640153224312747,1.0,1
compsvi26a,pencil,lamp,8.205788000549202,-0.5968659206925575,0.2760862226958302,2.6050784063451293,-0.2134053423859445,-0.602573893987224,1.1406416009307978,-0.9059561524155018,-0.7484621051199398,3.1695669218104805,-0.598572874369783,-0.36820607223713914,0.8529693097259172,-0.1216673673887032,-0.5968659206925575,0.07901952837517426,0.0,0
compsvi26a,bowl,lamp,8.205788000549202,-0.5968659206925575,-0.6282480394372745,2.6050784063451293,-0.21337009411075636,0.7087098585927339,-0.4495031203312162,-0.9059561524155018,-0.7484621051199398,-0.3570435486078057,0.6631655949685542,-0.8740550690873288,-0.875450400627552,-0.1216673673887032,1.6726983209532167,-0.8049314724261919,1.0,1
compsvi3,pencil,mug,-0.12166736738870315,1.6726983209532167,1.1372995457254493,-0.3832424471159501,-0.2132122290520187,-0.4993979062073109,-0.4495031203312162,-0.9059561524155018,-0.6943065166862483,1.8044619555084103,-0.7830528736668263,-0.42519044706978837,0.20552081122324017,-0.1216673673887032,-0.5968659206925575,0.777097086074642,0.0,0
compsvi3,pear,mug,-0.12166736738870315,1.6726983209532167,-0.6282480394372745,-0.3832424471159501,-0.2131272285045188,-0.602573893987224,-0.23216432722992095,-0.9059561524155018,-0.7313807699966368,-0.26148853626115853,-0.6761183870205915,-0.8595115935052617,-0.8284597437102087,-0.1216673673887032,-0.5968659206925575,1.1099734573866893,0.5,1
compsvi34,pencil (1),mug,-0.12166736738870315,1.6726983209532167,1.5698253701654221,-0.3832424471159501,-0.2133087348950983,-0.5758579264481054,-0.23748380084082227,0.874931237546199,-0.7484621051199398,-0.3402950171975617,-0.934004964598667,0.7994973843759052,0.6983641366581603,-0.1216673673887032,-0.5968659206925575,1.8432595489531811,0.0,0
compsvi34,pencil,mug,-0.12166736738870315,1.6726983209532167,1.1395673531140684,-0.3832424471159501,-0.21320108003197663,-0.49755819246132116,-0.4495031203312162,-0.9059561524155018,-0.6943065166862483,1.8356447463774233,-0.7842121152204823,-0.3957836426511719,0.22468968260462177,-0.1216673673887032,-0.5968659206925575,0.8905519156985907,0.0,0
compsvi36,pencil,mug,-0.12166736738870315,1.6726983209532167,1.1374475115454838,-0.3832424471159501,-0.21321223032290462,-0.4993979062073109,-0.4495031203312162,-0.9059561524155018,-0.6943065166862483,1.8043674666534697,-0.7830528736668263,-0.42519141109297925,0.20552465037232528,-0.1216673673887032,-0.5968659206925575,0.7767120513239466,0.0,0
compsvi36,pear,mug,-0.12166736738870315,1.6726983209532167,-0.6282480394372745,-0.3832424471159501,-0.21312722989093982,-0.602573893987224,-0.23216432722992095,-0.9059561524155018,-0.7313807699966368,-0.26483755419434696,-0.6761183870205915,-0.8600210363805673,-0.8301055149389008,-0.1216673673887032,-0.5968659206925575,1.1099734573866893,0.0,0
compsvi45,pencil,mug,-0.12166736738870315,1.6726983209532167,1.1352231691164998,-0.3832424471159501,-0.21320108003197663,-0.49755819246132116,-0.4495031203312162,-0.9059561524155018,-0.6943065166862483,1.8356447463774233,-0.7842121152204823,-0.3957836426511719,0.22468968260462177,-0.1216673673887032,-0.5968659206925575,0.7945467881406945,0.0,0
compsvi45,cup,mug,-0.12166736738870315,1.6726983209532167,-0.6282480394372745,-0.3832424471159501,-0.20966711518999862,-0.602573893987224,-0.26640419251564684,0.057596421088497565,-0.7014955397738679,0.01936979345802529,-0.6243729619926509,-0.27170084367936964,-0.49864559623343274,-0.1216673673887032,1.6726983209532167,-0.00016522201512359362,0.3333333333333333,1
compsvi46,ball,bowl,-0.12166736738870315,1.6726983209532167,-0.0519974652797693,-0.3832424471159501,-0.21291439612775426,-0.5893852876880554,-0.05551769862119792,-0.5614577057452173,-0.7484621051199398,0.0799053757614312,-0.6824099459767435,-0.779391148924608,-0.5791916638770878,-0.1216673673887032,-0.5968659206925575,1.1811230152271501,0.8571428571428571,1
compsvi46,pencil,bowl,-0.12166736738870315,1.6726983209532167,1.6837178985981087,-0.3832424471159501,-0.21314806410151346,-0.602573893987224,0.6105938269526342,0.7405245542059091,-0.7484621051199398,0.249132809767601,-0.8605736900523098,0.624311475052858,0.44230896912576684,-0.1216673673887032,-0.5968659206925575,1.8432595489531811,0.0,0
compsvinew1,cube,plate,-0.12166736738870315,-0.5968659206925575,1.6837088819309505,-0.3832424471159501,-0.21331513842711242,-0.6025087611129639,3.048815686243471,0.20289826438651715,-0.7484621051199398,0.49296399262890556,-0.8602770306803829,-0.7879293818228151,1.5240177774945138,-0.1216673673887032,-0.5968659206925575,1.1138850755430465,0.0,0
compsvinew1,pencil,plate,-0.12166736738870315,-0.5968659206925575,-0.6282480394372745,-0.3832424471159501,-0.21320186613268613,-0.602573893987224,2.147733420984951,-0.9059561524155018,-0.2069062207830257,1.9205446960698394,-0.5700082879471263,-0.5315528127537077,0.3217618473782746,-0.1216673673887032,-0.5968659206925575,0.24096050291216473,0.0,0
compsvo12,box,table,-0.12166736738870315,-0.5968659206925575,1.6837178985981087,-0.3832424471159501,-0.21334647186531042,-0.5722090519676662,-0.4495031203312162,-0.9059561524155018,-0.7484621051199398,4.538752044159563,-0.5659859716616487,-0.6337310526830842,1.5240177774945138,-0.1216673673887032,1.6726983209532167,1.8432595489531811,0.0,0
compsvo12,book (1),table,-0.12166736738870315,-0.5968659206925575,1.68169261643639,-0.3832424471159501,-0.2134174338996068,-0.6025681229689394,2.366598040816922,1.3039272737982808,-0.7484621051199398,-0.356070573858245,-0.31877103246676414,-0.686579165512615,1.5240177774945138,-0.1216673673887032,-0.5968659206925575,0.8258756388918188,0.0,0
compsvo12,book,table,-0.12166736738870315,-0.5968659206925575,1.6837178985981087,-0.3832424471159501,-0.21341840754610697,-0.602417956677921,1.0400187574335287,1.2564534461099692,-0.7484621051199398,-0.3325802616688437,0.9474673283571793,-0.7883318856055629,0.4865969130766372,-0.1216673673887032,-0.5968659206925575,1.346310855855447,0.0,0
compsvo12v,book,board,-0.12166736738870315,-0.5968659206925575,1.6837178985981087,2.6050784063451293,-0.2134114392970893,-0.602573893987224,0.059073931870723816,1.2668873226303095,-0.7484621051199398,-0.3043737473355636,-0.7828740111077973,-0.26485483298975077,1.2297834720459313,-0.1216673673887032,-0.5968659206925575,1.4540743024232134,0.0,0
compsvo12v,clock,board,-0.12166736738870315,-0.5968659206925575,1.6278591831590172,2.6050784063451293,-0.21341892997033773,-0.602573893987224,6.368591495550767,-0.9059561524155018,-0.7484621051199398,3.7254551365956585,-0.7562662282300623,-0.8314620421571188,1.125414524542609,-0.1216673673887032,-0.5968659206925575,1.600237400416655,0.0,0
compsvo13v,jar,board,-0.12166736738870315,-0.5968659206925575,-0.6280494694686262,2.6050784063451293,-0.2133890014849716,-0.602573893987224,0.19152406007195266,-0.9059561524155018,-0.29490901922363927,0.3939670891066752,-0.4663594502354701,-0.8225399352243266,-0.5073597448159186,-0.1216673673887032,1.6726983209532167,-0.6255244724672451,0.0,0
compsvo13v,book,board,-0.12166736738870315,-0.5968659206925575,1.6837178985981087,2.6050784063451293,-0.2134114392970893,-0.602573893987224,0.059073931870723816,1.2668873226303095,-0.7484621051199398,-0.3043737473355636,-0.7828740111077973,-0.26485483298975077,1.2297834720459313,-0.1216673673887032,-0.5968659206925575,1.4015129205746253,0.0,0
compsvo14,book (1),table,-0.12166736738870315,-0.5968659206925575,1.6837178985981087,-0.3832424471159501,-0.2134172444174481,-0.4591395894900852,-0.4495031203312162,1.311752681188536,-0.7484621051199398,-0.3570435486078057,0.05872478631255006,-0.6890137096787157,1.5240177774945138,-0.1216673673887032,-0.5968659206925575,1.4203422786296571,0.0,0
compsvo14,book,table,-0.12166736738870315,-0.5968659206925575,1.6837178985981087,-0.3832424471159501,-0.21341824379823282,-0.602573893987224,2.4126827937834525,1.226195248555159,-0.7484621051199398,-0.2484028579689862,-0.01905514123545532,-0.7228496463458222,1.5240177774945138,-0.1216673673887032,-0.5968659206925575,1.141528981505572,0.0,0
compsvo14a,box,table,-0.12166736738870315,-0.5968659206925575,1.6834656631142693,-0.3832424471159501,-0.21338539570433035,-0.602573893987224,0.27428714646514435,1.1970436877083173,-0.7484621051199398,-0.35572738837878315,0.21110606665897927,-0.6805325228528254,1.5240177774945138,-0.1216673673887032,1.6726983209532167,1.3089297090789886,0.0,0
compsvo14a,book,table,-0.12166736738870315,-0.5968659206925575,1.6837178985981087,-0.3832424471159501,-0.2134174314086704,0.365611169588937,-0.4495031203312162,1.311752681188536,-0.7484621051199398,-0.3570435486078057,-0.2430187082266291,-0.7028552992560092,1.5240177774945138,-0.1216673673887032,-0.5968659206925575,0.7665001550310184,0.0,0
compsvo14v,jar,board,-0.12166736738870315,-0.5968659206925575,-0.6278995561178445,2.6050784063451293,-0.2133890014734181,-0.020700299750659467,-0.4495031203312162,-0.9059561524155018,-0.29490901922363927,-0.3570435486078057,-0.053057849085053364,-0.8740550690873288,-0.875450400627552,-0.1216673673887032,1.6726983209532167,-0.8034765626035956,1.0,1
compsvo14v,book,board,-0.12166736738870315,-0.5968659206925575,1.6837178985981087,2.6050784063451293,-0.2134114392970893,-0.602573893987224,0.059073931870723816,1.2668873226303095,-0.7484621051199398,-0.3043737473355636,-0.7828740111077973,-0.26485483298975077,1.2297834720459313,-0.1216673673887032,-0.5968659206925575,1.4123098511822174,0.0,0
compsvo16,balloon,table,-0.12166736738870315,-0.5968659206925575,-0.6282480394372745,-0.3832424471159501,-0.21328599427476902,0.42808884095815125,-0.4495031203312162,1.311752681188536,-0.7484621051199398,-0.3570435486078057,-0.04194871227410144,-0.6625377767659942,1.5240177774945138,-0.1216673673887032,-0.5968659206925575,-0.8053027946095308,0.0,0
compsvo16,book,table,-0.12166736738870315,-0.5968659206925575,1.6837178985981087,-0.3832424471159501,-0.2134173780314617,-0.602573893987224,2.366598040816922,1.2825381374108198,-0.7484621051199398,-0.3269864724984155,-0.24290178595430487,-0.6865581739076348,1.5240177774945138,-0.1216673673887032,-0.5968659206925575,1.3435526430308606,0.0,0
compsvo16a,balloon,table,-0.12166736738870315,-0.5968659206925575,-0.6282480394372745,-0.3832424471159501,-0.21328599427476902,-0.602573893987224,0.20284734841869745,0.902749068300511,-0.7484621051199398,-0.043078869931210344,0.9626805319854776,-0.7561498753257893,0.3392417331090761,-0.1216673673887032,-0.5968659206925575,1.8432595489531811,0.2,1
compsvo16a,book,table,-0.12166736738870315,-0.5968659206925575,1.6837178985981087,-0.3832424471159501,-0.2134173780314617,-0.602573893987224,2.366598040816922,1.2825381374108198,-0.7484621051199398,-0.3269864724984155,-0.24290178595430487,-0.6865581739076348,1.5240177774945138,-0.1216673673887032,-0.5968659206925575,1.3494119250754073,0.0,0
compsvo17,box,table,-0.12166736738870315,-0.5968659206925575,-0.6282480394372745,-0.3832424471159501,-0.21338542565102403,-0.45506712412024225,-0.4495031203312162,-0.9059561524155018,-0.6252114358610876,4.538751554580004,0.29110542608847384,-0.6806143202205664,1.5240177774945138,-0.1216673673887032,1.6726983209532167,-0.8052941218451248,0.0,0
compsvo17,book,table,-0.12166736738870315,-0.5968659206925575,0.7522668191743811,-0.3832424471159501,-0.21341742385960805,-0.602573893987224,2.366598040816922,1.2449763593543015,-0.7484621051199398,-0.33778405176235204,-0.24296053226674105,-0.6866309817591216,1.5240177774945138,-0.1216673673887032,-0.5968659206925575,0.9897861572229473,0.0,0
compsvo18,box,table,-0.12166736738870315,-0.5968659206925575,-0.6282480394372745,-0.3832424471159501,-0.21338259552672073,-0.5321416879105415,-0.4495031203312162,-0.9059561524155018,-0.6046696576512788,-0.2996010320439984,1.2949755311067659,-0.8722506581978969,-0.8472408610340056,-0.1216673673887032,1.6726983209532167,0.969234637718072,0.0,0
compsvo18,book,table,-0.12166736738870315,-0.5968659206925575,1.6837178985981087,-0.3832424471159501,-0.2134174284590597,-0.602573893987224,2.366598040816922,1.2256736434374955,-0.7484621051199398,-0.33336929746134764,-0.24293125416928096,-0.6866494669038057,1.5240177774945138,-0.1216673673887032,-0.5968659206925575,1.349324191447777,0.0,0
compsvo19,box,table,-0.12166736738870315,-0.5968659206925575,-0.6282480394372745,-0.3832424471159501,-0.21338259552672073,0.017104987182035025,-0.4495031203312162,-0.9059561524155018,-0.6046696576512788,-0.3570435486078057,1.6524439905182693,-0.8740550690873288,-0.875450400627552,-0.1216673673887032,1.6726983209532167,0.9149904917845016,0.25,1
compsvo19,book,table,-0.12166736738870315,-0.5968659206925575,1.6837178985981087,-0.3832424471159501,-0.2134174284590597,-0.602573893987224,2.366598040816922,1.2256736434374955,-0.7484621051199398,-0.33336929746134764,-0.24293125416928096,-0.6866494669038057,1.5240177774945138,-0.1216673673887032,-0.5968659206925575,1.3450310705310375,0.0,0
compsvo23v,jar,board,-0.12166736738870315,-0.5968659206925575,-0.628056044630395,2.6050784063451293,-0.2133890014849716,-0.602573893987224,0.19152406007195266,-0.9059561524155018,-0.29490901922363927,0.3939670891066752,-0.4663594502354701,-0.8225399352243266,-0.5073597448159186,-0.1216673673887032,1.6726983209532167,-0.6583605446647098,0.0,0
compsvo23v,clock,board,-0.12166736738870315,-0.5968659206925575,1.62808668060732,2.6050784063451293,-0.21341892997033773,-0.602573893987224,6.368591495550767,-0.9059561524155018,-0.7484621051199398,3.7254551365956585,-0.7562662282300623,-0.8314620421571188,1.125414524542609,-0.1216673673887032,-0.5968659206925575,1.7232180957153025,0.0,0
compsvo24,pear,table,-0.12166736738870315,-0.5968659206925575,1.363237573002926,-0.3832424471159501,-0.21342197722561615,-0.45846539593885727,-0.4495031203312162,1.311752681188536,-0.7484621051199398,-0.3570435486078057,0.6802039267502104,-0.8630636574547424,1.5240177774945138,-0.1216673673887032,-0.5968659206925575,1.8432595489531811,0.0,0
compsvo24,book,table,-0.12166736738870315,-0.5968659206925575,1.6696498170617573,-0.3832424471159501,-0.21341846975019604,-0.602573893987224,1.0696446200788872,1.2559316192214223,-0.7484621051199398,-0.3407180677905284,0.896539218530414,-0.7811313312869396,0.6015266398723279,-0.1216673673887032,-0.5968659206925575,1.5072166464218617,0.0,0
compsvo24v,jar,board,-0.12166736738870315,-0.5968659206925575,-0.6280626200002406,2.6050784063451293,-0.2133890014734181,-0.026471944974116514,-0.4495031203312162,-0.9059561524155018,-0.29490901922363927,-0.3570435486078057,-0.028452079697538688,-0.8740550690873288,-0.875450400627552,-0.1216673673887032,1.6726983209532167,-0.7979214166408924,0.75,1
compsvo24v,clock,board,-0.12166736738870315,-0.5968659206925575,1.62808668060732,2.6050784063451293,-0.21341892997033773,-0.602573893987224,6.368591495550767,-0.9059561524155018,-0.7484621051199398,3.7254551365956585,-0.7562662282300623,-0.8314620421571188,1.125414524542609,-0.1216673673887032,-0.5968659206925575,1.7269097281238188,0.0,0
compsvo26,balloon,table,-0.12166736738870315,-0.5968659206925575,-0.6282480394372745,-0.3832424471159501,-0.21328599427476902,0.42808884095815125,-0.4495031203312162,1.311752681188536,-0.7484621051199398,-0.3570435486078057,-0.04194871227410144,-0.6625377767659942,1.5240177774945138,-0.1216673673887032,-0.5968659206925575,-0.8053027946095308,0.0,0
compsvo26,book,table,-0.12166736738870315,-0.5968659206925575,1.6837178985981087,-0.3832424471159501,-0.2134173780314617,-0.602573893987224,1.328047938726526,1.2825381374108198,-0.7484621051199398,-0.338950617040401,0.9091639721787168,-0.7611908730934936,0.5689152279166532,-0.1216673673887032,-0.5968659206925575,1.1845904999402692,0.0,0
compsvo27,box,table,-0.12166736738870315,-0.5968659206925575,-0.6282480394372745,-0.3832424471159501,-0.21338542855095463,-0.45504723199747316,-0.4495031203312162,-0.9059561524155018,-0.7484621051199398,4.538752044159563,0.29107899975375334,-0.6806290938759659,1.5240177774945138,-0.1216673673887032,1.6726983209532167,-0.805294103915682,0.0,0
compsvo27,book,table,-0.12166736738870315,-0.5968659206925575,1.6837178985981087,-0.3832424471159501,-0.2134174236574216,-0.602573893987224,1.0581232569213141,1.249149865608261,-0.7484621051199398,-0.3458062045047488,0.7204457211215515,-0.7659822611565147,0.5082350771601243,-0.1216673673887032,-0.5968659206925575,1.5070861385123828,0.0,0
compsvo28,box,table,-0.12166736738870315,-0.5968659206925575,-0.6282480394372745,-0.3832424471159501,-0.21338236064389554,-0.5362527656777476,-0.4495031203312162,-0.9059561524155018,-0.6252114358610876,-0.3007185463460035,1.2988216084549349,-0.8722800936820057,-0.8478039202366837,-0.1216673673887032,1.6726983209532167,0.9234633155570232,0.0,0
compsvo28,book,table,-0.12166736738870315,-0.5968659206925575,1.6837178985981087,-0.3832424471159501,-0.21341713018097874,-0.602573893987224,0.956078696661053,1.2157615938057023,-0.7484621051199398,-0.30701468635217005,0.9415166501071698,-0.7702892998678871,0.42702027773522677,-0.1216673673887032,-0.5968659206925575,1.0890616898342396,0.0,0
compsvo29,box,table,-0.12166736738870315,-0.5968659206925575,-0.6282480394372745,-0.3832424471159501,-0.21338236065544905,0.009912476046504106,-0.4495031203312162,-0.9059561524155018,-0.6252114358610876,-0.3570435486078057,1.6933895999337487,-0.8740550690873288,-0.875450400627552,-0.1216673673887032,1.6726983209532167,0.7176808077323447,0.6666666666666666,1
compsvo29,book,table,-0.12166736738870315,-0.5968659206925575,1.6837178985981087,-0.3832424471159501,-0.21341713018097874,-0.602573893987224,0.956078696661053,1.2157615938057023,-0.7484621051199398,-0.30701468635217005,0.9415166501071698,-0.7702892998678871,0.42702027773522677,-0.1216673673887032,-0.5968659206925575,1.2449315701746626,0.0,0
compsvo34v,jar,board,-0.12166736738870315,-0.5968659206925575,-0.6280652498614951,2.6050784063451293,-0.2133890014849716,-0.602573893987224,0.19152406007195266,-0.9059561524155018,-0.29490901922363927,0.3939670891066752,-0.4663594502354701,-0.8225399352243266,-0.5073597448159186,-0.1216673673887032,1.6726983209532167,-0.6597817510348788,0.0,0
compsvo34v,book,board,-0.12166736738870315,-0.5968659206925575,-0.6282480394372745,2.6050784063451293,-0.21338443422136377,0.6014579191946575,-0.4495031203312162,-0.9059561524155018,-0.747341029607689,-0.3570435486078057,0.561660902602061,-0.8740550690873288,-0.875450400627552,-0.1216673673887032,-0.5968659206925575,-0.8048462758895374,0.75,1
compsvo67,balloon,table,-0.12166736738870315,-0.5968659206925575,-0.6282480394372745,-0.3832424471159501,-0.21328599427476902,0.42808884095815125,-0.4495031203312162,1.311752681188536,-0.7484621051199398,-0.3570435486078057,-0.04194871227410144,-0.6625377767659942,1.5240177774945138,-0.1216673673887032,-0.5968659206925575,-0.8053027946095308,0.0,0
compsvo67,box,table,-0.12166736738870315,-0.5968659206925575,-0.6282480394372745,-0.3832424471159501,-0.21338542313235923,-0.4550842331035958,-0.4495031203312162,-0.9059561524155018,-0.7484621051199398,4.538752044159563,0.29112785995535867,-0.6806011613040118,1.5240177774945138,-0.1216673673887032,1.6726983209532167,-0.805294334274392,0.0,0
compsvo68,balloon,table,-0.12166736738870315,-0.5968659206925575,-0.6282480394372745,-0.3832424471159501,-0.21328599427476902,0.3607069849769543,-0.4495031203312162,1.311752681188536,-0.7484621051199398,-0.3570435486078057,0.43029102988612816,-0.6612353814351942,1.5240177774945138,-0.1216673673887032,-0.5968659206925575,-0.8053027946095308,0.0,0
compsvo68,box,table,-0.12166736738870315,-0.5968659206925575,-0.6282480394372745,-0.3832424471159501,-0.2133825804609458,-0.44516553437396306,-0.4495031203312162,-0.9059561524155018,-0.6046696576512788,-0.35110029754796573,1.2628951014611882,-0.873868312079948,-0.8725312556314122,-0.1216673673887032,1.6726983209532167,0.943275747118521,0.0,0
compsvo68a,balloon,table,-0.12166736738870315,-0.5968659206925575,-0.6282480394372745,-0.3832424471159501,-0.21328599427476902,-0.602573893987224,0.20284734841869745,0.902749068300511,-0.7484621051199398,-0.043078869931210344,0.9626805319854776,-0.7561498753257893,0.3392417331090761,-0.1216673673887032,-0.5968659206925575,1.8432595489531811,0.0,0
compsvo68a,box,table,-0.12166736738870315,-0.5968659206925575,-0.6282480394372745,-0.3832424471159501,-0.2133825804609458,-0.44516553437396306,-0.4495031203312162,-0.9059561524155018,-0.6046696576512788,-0.35110029754796573,1.2628951014611882,-0.873868312079948,-0.8725312556314122,-0.1216673673887032,1.6726983209532167,0.9456960696021273,0.0,0
compsvo69a,balloon,table,-0.12166736738870315,-0.5968659206925575,-0.6282480394372745,-0.3832424471159501,-0.21328599427476902,-0.5946032346488692,0.14549786896224368,1.0595337643971656,-0.7484621051199398,-0.18319232941200267,0.9777758627538721,-0.7606005293920143,0.29338957585288816,-0.1216673673887032,-0.5968659206925575,1.1811189630625032,0.0,0
compsvo69a,box,table,-0.12166736738870315,-0.5968659206925575,-0.6282480394372745,-0.3832424471159501,-0.2133825804609458,0.13407037610190933,-0.4495031203312162,-0.9059561524155018,-0.6046696576512788,-0.3570435486078057,1.7305157484532958,-0.8740550690873288,-0.875450400627552,-0.1216673673887032,1.6726983209532167,0.5723295603112634,0.6666666666666666,1
compsvo78,box,table,-0.12166736738870315,-0.5968659206925575,-0.6282480394372745,-0.3832424471159501,-0.21338259552672073,-0.5321416879105415,-0.4495031203312162,-0.9059561524155018,-0.6046696576512788,-0.2996010320439984,1.2949755311067659,-0.8722506581978969,-0.8472408610340056,-0.1216673673887032,1.6726983209532167,0.8564393928173526,0.0,0
compsvo78,box (1),table,-0.12166736738870315,-0.5968659206925575,-0.6282480394372745,-0.3832424471159501,-0.21334658537853013,-0.28299185415744577,-0.4495031203312162,-0.9059561524155018,-0.6046696576512788,2.7113395479302667,0.1626348454911555,-0.6914783795695294,0.631395939594045,-0.1216673673887032,1.6726983209532167,0.8255726433597153,0.0,0
compsvo79,box,table,-0.12166736738870315,-0.5968659206925575,-0.6282480394372745,-0.3832424471159501,-0.21338259552672073,0.1917027482299301,-0.4495031203312162,-0.9059561524155018,-0.6046696576512788,-0.3570435486078057,1.8093213599999847,-0.8740550690873288,-0.875450400627552,-0.1216673673887032,1.6726983209532167,0.9526864201954924,0.7142857142857143,1
compsvo79,box (1),table,-0.12166736738870315,-0.5968659206925575,-0.6282480394372745,-0.3832424471159501,-0.21334658537853013,-0.28299185415744577,-0.4495031203312162,-0.9059561524155018,-0.6046696576512788,2.7113395479302667,0.1626348454911555,-0.6914783795695294,0.631395939594045,-0.1216673673887032,1.6726983209532167,0.8229064018625094,0.0,0
compsvo89,box,table,-0.12166736738870315,-0.5968659206925575,-0.6282480394372745,-0.3832424471159501,-0.21338259552672073,-0.5321416879105415,-0.4495031203312162,-0.9059561524155018,-0.6046696576512788,-0.2996010320439984,1.2949755311067659,-0.8722506581978969,-0.8472408610340056,-0.1216673673887032,1.6726983209532167,0.8564393928173526,0.0,0
compsvo89,box (1),table,-0.12166736738870315,-0.5968659206925575,-0.6282480394372745,-0.3832424471159501,-0.21334658537853013,0.24416375436208984,-0.4495031203312162,-0.9059561524155018,-0.6046696576512788,-0.3570435486078057,2.6831470916237197,-0.8740550690873288,-0.875450400627552,-0.1216673673887032,1.6726983209532167,0.8255336432792063,0.6666666666666666,1
compsvu15,book,balloon,-0.12166736738870315,-0.5968659206925575,-0.6274330686697578,2.6050784063451293,-0.21338389655574475,0.6464938023285673,-0.4495031203312162,-0.9059561524155018,1.6343840719040235,-0.3570435486078057,-0.9144830326470748,0.2532155678620782,1.5240177774945138,-0.1216673673887032,-0.5968659206925575,-0.805255454696186,0.0,0
compsvu15,table,balloon,-0.12166736738870315,-0.5968659206925575,-0.6282480394372745,2.6050784063451293,-0.20367083510310494,1.0518123561030994,-0.4495031203312162,-0.9059561524155018,1.6343840719040235,-0.3570435486078057,0.34501876115107427,1.536002907966404,-0.6440917833131616,-0.1216673673887032,-0.5968659206925575,-0.8052897331786458,0.0,0
compsvu16,book,balloon,-0.12166736738870315,-0.5968659206925575,-0.6259289826997071,2.6050784063451293,-0.21338389655574475,1.3206003438295224,-0.4495031203312162,-0.9059561524155018,1.6343840719040235,-0.3570435486078057,0.37403449643913916,-0.8740550690873288,-0.875450400627552,-0.1216673673887032,-0.5968659206925575,-0.8048207326245835,0.3333333333333333,1
compsvu16,table,balloon,-0.12166736738870315,-0.5968659206925575,-0.6282480394372745,2.6050784063451293,-0.20367083510310494,1.0518123561030994,-0.4495031203312162,-0.9059561524155018,1.6343840719040235,-0.3570435486078057,0.34501876115107427,1.536002907966404,-0.6440917833131616,-0.1216673673887032,-0.5968659206925575,-0.8052886531075027,0.0,0
compsvu17,box,table,-0.12166736738870315,-0.5968659206925575,-0.6282480394372745,-0.3832424471159501,-0.21338542565102403,-0.4551055314441747,-0.4495031203312162,-0.9059561524155018,-0.6252114358610876,4.538752044159563,0.4244137369972852,-0.6806143202205664,1.5240177774945138,-0.1216673673887032,1.6726983209532167,-0.8052967507147453,0.0,0
compsvu17,box (1),table,-0.12166736738870315,-0.5968659206925575,-0.6282477029472784,-0.3832424471159501,-0.21338547578169687,-0.45570780281366785,-0.4495031203312162,-0.9059561524155018,-0.6252114358610876,0.519055645661,2.0624343148929536,-0.8394853179673688,-0.44606724978033296,-0.1216673673887032,1.6726983209532167,-0.805285729309209,0.0,0
compsvu23,box,book,-0.12166736738870315,-0.5968659206925575,-0.6282480394372745,-0.3832424471159501,-0.20450927436087465,-0.602573893987224,-0.3288714325206148,-0.9059561524155018,1.2235485077078494,-0.32415837700788863,1.1242766182136863,1.2303914090875445,0.7681593871297393,-0.1216673673887032,1.6726983209532167,-0.5447078918004704,0.0,0
compsvu23,pear,book,-0.12166736738870315,-0.5968659206925575,-0.6119457919286684,-0.3832424471159501,-0.21323026211448803,0.18616635152758568,-0.4495031203312162,-0.9059561524155018,1.6343840719040235,-0.3570435486078057,-0.25876195948946545,-0.8740550690873288,-0.875450400627552,-0.1216673673887032,-0.5968659206925575,-0.7718388609449525,1.0,1
compsvu25,book (1),book,-0.12166736738870315,-0.5968659206925575,0.9304840199180572,-0.3832424471159501,-0.2125814012561162,-0.602573893987224,-0.24541392984431806,-0.9059561524155018,-0.7484621051199398,1.8456840648199522,-0.6803734071456221,0.4571722673035975,0.20412384084993757,-0.1216673673887032,-0.5968659206925575,0.27094852559826654,0.0,0
compsvu25,cube,book,-0.12166736738870315,-0.5968659206925575,-0.5805254558093608,-0.3832424471159501,-0.21314715333844866,-0.602573893987224,1.2996562829561276,-0.9059561524155018,-0.4506063329919444,4.376559231966773,-0.7977300219470825,-0.013499523313515656,1.5115069504137852,-0.1216673673887032,-0.5968659206925575,1.200524979353787,0.0,0
compsvu25,table,book,-0.12166736738870315,-0.5968659206925575,-0.6282480394372745,-0.3832424471159501,-0.1579281512589921,-0.12833103907127433,-0.4495031203312162,-0.9059561524155018,1.173550676083062,-0.35643824712810274,0.10309365172067092,1.536002907966404,-0.7249718329325295,-0.1216673673887032,-0.5968659206925575,-0.8032106468780879,0.0,0
compsvu25a,box,balloon,-0.12166736738870315,-0.5968659206925575,-0.6282480394372745,2.6050784063451293,-0.21310672888354756,3.3558794372986753,-0.4495031203312162,-0.9059561524155018,1.6343840719040235,-0.3570435486078057,3.390036335995516,-0.8740550690873288,-0.875450400627552,-0.1216673673887032,1.6726983209532167,-0.805196939147547,0.3333333333333333,1
compsvu25a,table,balloon,-0.12166736738870315,-0.5968659206925575,-0.6282480394372745,2.6050784063451293,-0.20367083510310494,0.8754864119592612,-0.4495031203312162,-0.9059561524155018,1.6343840719040235,-0.3570435486078057,-0.4385500105862651,1.536002907966404,-0.64409175931848,-0.1216673673887032,-0.5968659206925575,-0.805289087329367,0.0,0
compsvu34,picture,book (1),-0.12166736738870315,-0.5968659206925575,-0.6282480394372745,-0.3832424471159501,-0.21157335395370144,-0.1586613994582855,-0.4495031203312162,-0.9059561524155018,0.20467636568964565,-0.2950282120864859,-0.8626692603721413,1.536002907966404,0.1959200591489382,-0.1216673673887032,-0.5968659206925575,-0.8048276390157506,0.0,0
compsvu34,table,book (1),-0.12166736738870315,-0.5968659206925575,-0.6282480394372745,-0.3832424471159501,0.028191381910052313,-0.4374760717236588,-0.4495031203312162,-0.9059561524155018,1.6343840719040235,-0.3570435486078057,0.056341663249806884,1.536002907966404,-0.6891015832707381,-0.1216673673887032,-0.5968659206925575,-0.8050303876550033,0.0,0
compsvu53,box,book,-0.12166736738870315,-0.5968659206925575,-0.6282480394372745,-0.3832424471159501,-0.20547168045275396,0.8277587935675916,-0.4495031203312162,-0.9059561524155018,1.6343840719040235,-0.3570435486078057,1.1296360309890143,0.5199981406610299,0.5912981869226291,-0.1216673673887032,1.6726983209532167,-0.8052968096737295,0.0,0
compsvu53,table,book,-0.12166736738870315,-0.5968659206925575,-0.6282480394372745,-0.3832424471159501,0.03195239548977415,-0.47461337590045233,-0.4495031203312162,-0.9059561524155018,1.173550676083062,-0.35695286515686364,-0.24296053226674105,1.536002907966404,-0.6888498550641714,-0.1216673673887032,-0.5968659206925575,-0.8047318709080369,0.14285714285714285,1
compsvu56,box,balloon,-0.12166736738870315,-0.5968659206925575,-0.6282480394372745,2.6050784063451293,-0.21310672888354756,2.2531623947367083,-0.4495031203312162,-0.9059561524155018,1.6343840719040235,-0.3570435486078057,1.2489461793141217,0.13675698730068556,0.9594879407700189,-0.1216673673887032,1.6726983209532167,-0.8052035324521594,0.0,0
compsvu56,table,balloon,-0.12166736738870315,-0.5968659206925575,-0.6282480394372745,2.6050784063451293,-0.20367083625845578,1.1711293513479668,-0.4495031203312162,-0.9059561524155018,1.6343840719040235,-0.3570435486078057,1.6996463673844777,-0.8740550690873288,-0.875450400627552,-0.1216673673887032,-0.5968659206925575,-0.805290321676618,0.4,1
compsvu63,box,book,-0.12166736738870315,-0.5968659206925575,-0.6282480394372745,-0.3832424471159501,-0.20547168045275396,1.1050280324598987,-0.4495031203312162,-0.9059561524155018,1.6343840719040235,-0.3570435486078057,-0.07558145143761266,-0.8740550690873288,-0.875450400627552,-0.1216673673887032,1.6726983209532167,-0.8052968080958485,0.4,1
compsvu63,table,book,-0.12166736738870315,-0.5968659206925575,-0.6282480394372745,-0.3832424471159501,0.03195239548977415,-0.5414654393217744,-0.4495031203312162,-0.9059561524155018,1.173550676083062,-0.35695286515686364,-0.2664936586291262,1.536002907966404,-0.6888498790588531,-0.1216673673887032,-0.5968659206925575,-0.8047241167120637,0.0,0
compsvu67,box,balloon,-0.12166736738870315,-0.5968659206925575,-0.6282480394372745,2.6050784063451293,-0.21310672888354756,2.321114354854997,-0.4495031203312162,-0.9059561524155018,1.6343840719040235,-0.3570435486078057,0.37197780515132417,-0.7322364124565903,-0.875450400627552,-0.1216673673887032,1.6726983209532167,-0.805205969692335,0.0,0
compsvu67,table,balloon,-0.12166736738870315,-0.5968659206925575,-0.6282480394372745,2.6050784063451293,-0.20367083625845578,2.2653308661849345,-0.4495031203312162,-0.9059561524155018,1.6343840719040235,-0.3570435486078057,2.6196193236607606,-0.8740550690873288,-0.875450400627552,-0.1216673673887032,-0.5968659206925575,-0.8052904898358276,0.25,1
compsvu67a,box,balloon,-0.12166736738870315,-0.5968659206925575,-0.6282480394372745,2.6050784063451293,-0.21310672888354756,7.074399784392957,-0.4495031203312162,-0.9059561524155018,1.6343840719040235,-0.3570435486078057,6.223313949538379,-0.8740550690873288,-0.875450400627552,-0.1216673673887032,1.6726983209532167,-0.8051948833069703,0.4,1
compsvu67a,table,balloon,-0.12166736738870315,-0.5968659206925575,-0.6282480394372745,2.6050784063451293,-0.20367083625845578,0.9365265185799095,-0.4495031203312162,-0.9059561524155018,1.6343840719040235,-0.3570435486078057,1.4080384178569434,-0.7818790276737408,-0.875450400627552,-0.1216673673887032,-0.5968659206925575,-0.8052892697464499,0.2,1
compsvul,pencil,lamp,8.205788000549202,-0.5968659206925575,0.27607628124229666,2.6050784063451293,-0.2134053423859445,-0.602573893987224,2.7307870218565733,-0.9059561524155018,-0.7484621051199398,3.1695669218104805,-0.7264050403484579,-0.36820607223713914,0.8529693097259172,-0.1216673673887032,-0.5968659206925575,0.6169716745385402,0.0,0
compsvul,bowl,lamp,8.205788000549202,-0.5968659206925575,-0.6282480394372745,2.6050784063451293,-0.21337009408764937,-0.40508779946049034,-0.4495031203312162,-0.9059561524155018,-0.7484621051199398,2.7961352171765568,-0.1420254319781083,-0.36495731408407067,0.6699474749714786,-0.1216673673887032,1.6726983209532167,-0.8033437704613876,0.0,0
compsvula,pencil,lamp,8.205788000549202,-0.5968659206925575,0.27609755132892666,2.6050784063451293,-0.2134053423859445,-0.602573893987224,2.7307870218565733,-0.9059561524155018,-0.7484621051199398,3.1695669218104805,-0.7264050403484579,-0.36820607223713914,0.8529693097259172,-0.1216673673887032,-0.5968659206925575,0.6662722788578508,0.0,0
compsvula,bowl,lamp,8.205788000549202,-0.5968659206925575,-0.6282480394372745,2.6050784063451293,-0.21337009411075636,1.5070900201563664,-0.4495031203312162,-0.9059561524155018,-0.7484621051199398,-0.3570435486078057,1.2033636036840183,-0.8740550690873288,-0.875450400627552,-0.1216673673887032,1.6726983209532167,-0.8037459947524914,0.75,1
compsvinew2,mug,shelf,-0.12166736738870315,-0.5968659206925575,1.6837178985981087,-0.3832424471159501,-0.2133917782782803,-0.602573893987224,2.0920751687723476,-0.9059561524155018,-0.7484621051199398,3.938588212351634,-0.3893656586160203,-0.5404594230137074,1.2298727322621572,-0.1216673673887032,1.6726983209532167,1.117380118411612,0.0,0
compsvinew2,box,shelf,-0.12166736738870315,-0.5968659206925575,-0.5505560193460927,-0.3832424471159501,-0.213405154652987,-0.602573893987224,-0.06612572070475049,-0.9059561524155018,-0.712556211329916,4.456150670497951,-0.5405991995185099,-0.6731115205310411,1.5240177774945138,-0.1216673673887032,1.6726983209532167,0.07144747403429257,0.0,0
