,scene,figure,ground,Distinct Prototype,Shared Prototype,Baseline Model,KMeans Model
0,compsva12,box,book,0.08670332646659823,0.09309026889975676,0.4884439738362286,0.05051217497995922
1,compsva12,box,table,0.0870803572902818,0.09216202778917004,0.4626424498575379,0.05755111403952506
2,compsva12,box,pear,0.08417723923420517,0.11046442274339673,0.590741532477777,0.06890227691838664
3,compsva12,book,box,0.00698604705657033,0.009419234400849843,0.2882852668981548,0.005830600869597058
4,compsva12,book,table,0.08310139267563553,0.0895312065814106,0.4240395297764964,0.05477203125058435
5,compsva12,book,pear,0.007137796430837528,0.0158398767503357,0.2986120306508254,0.04816816673869401
6,compsva12,table,box,0.007456730781502601,0.015119021962791085,0.27672228098976936,0.04396097794456689
7,compsva12,table,book,0.007380426889655141,0.015372971551661587,0.2851465648250912,0.04599428661402842
8,compsva12,table,pear,0.0074684481333679425,0.015106283253391454,0.2753637007480118,0.04385923260101195
9,compsva12,pear,box,0.006644560150117281,0.009239698029188356,0.2944890860322779,0.007393194374736387
10,compsva12,pear,book,0.08253919815566461,0.08917625046810111,0.4394889401353641,0.05055236412150165
11,compsva12,pear,table,0.08792843060237507,0.0929371568777332,0.4679863211072035,0.05766086933031715
12,compsva13,balloon,book,0.09971846217788344,0.12657737438678954,0.6295791552738257,0.3331290573550315
13,compsva13,balloon,table,0.10387376457481702,0.1310317906518053,0.6740608429990237,0.36556443100707503
14,compsva13,balloon,pear,0.10047717120507346,0.12833908077298514,0.6332013605221606,0.3353792395021407
15,compsva13,book,balloon,0.005789168363109496,0.00915893806855168,0.27243191954144697,0.03761310901592912
16,compsva13,book,table,0.08574979038067494,0.0911666787573601,0.4318458957065631,0.05492523633263973
17,compsva13,book,pear,0.007473901230224711,0.015090689351238541,0.27733468318352233,0.04411054026438996
18,compsva13,table,balloon,0.0073827650955691545,0.01501021750372745,0.2755614299610996,0.04349665085318848
19,compsva13,table,book,0.007380274194137211,0.015373486740637175,0.2851532797749673,0.045995238739255234
20,compsva13,table,pear,0.007460057076628631,0.015117998525055378,0.2752375500744883,0.04387950520307826
21,compsva13,pear,balloon,0.005791050826459089,0.00916467488788951,0.2726448777855191,0.03765366527702895
22,compsva13,pear,book,0.08678792552377955,0.09228942756455984,0.4771403678906293,0.05891210721258838
23,compsva13,pear,table,0.08923341440608981,0.09497678443345006,0.4639309603381189,0.054418536179556956
24,compsva14,box,book,0.006178626176585545,0.009578051226242324,0.2859738305757844,0.042880917633477206
25,compsva14,box,table,0.00700129845884229,0.007563813726378653,0.23606485353184495,0.00630601323755332
26,compsva14,book,box,0.08584966406072682,0.09181979755439086,0.479484394093612,0.05912887142231398
27,compsva14,book,table,0.007067202959493619,0.007578579660588849,0.2355841973888596,0.006318737583735417
28,compsva14,table,box,0.3160426212331457,0.2077876989264011,0.5654007743484535,0.07479429002417294
29,compsva14,table,book,0.31911141000361737,0.21181324283973746,0.5599453274652649,0.07643160517767184
30,compsva15,balloon,book,0.10312095123684938,0.1329458032088745,0.7299558854372162,0.36336798286434724
31,compsva15,balloon,table,0.1037107796225152,0.13212661843040385,0.6745906320025241,0.3664521780372775
32,compsva15,balloon,pear,0.10173074840797022,0.1307205724013988,0.6395921827107348,0.33865414788739456
33,compsva15,book,balloon,0.006125377222986796,0.009556654913267659,0.28431511671293397,0.04015628812504161
34,compsva15,book,table,0.0857496383850966,0.09116648015177256,0.4318439483992499,0.05492495268458712
35,compsva15,book,pear,0.007473901798446866,0.01509068904107181,0.27733466814246793,0.04411053764459846
36,compsva15,table,balloon,0.00734645497809968,0.014974529276424032,0.2750779144380265,0.04340035593908755
37,compsva15,table,book,0.007380270160129115,0.015373489343240596,0.2851533956161454,0.04599526011281151
38,compsva15,table,pear,0.007460057393664037,0.015117998348116257,0.27523754171514114,0.04387950374072844
39,compsva15,pear,balloon,0.0058000955827283065,0.00918938199273006,0.2737133126863659,0.03787470772908079
40,compsva15,pear,book,0.08678319593068598,0.09227928278212266,0.4770194455490028,0.05901058129542022
41,compsva15,pear,table,0.08902177251862341,0.09470534877303792,0.4611234958552296,0.05396225782821261
42,compsva23,balloon,box,0.1037914600088938,0.13418193620005364,0.7530948802224536,0.3559528452312657
43,compsva23,balloon,book,0.10311552400893154,0.132934197790022,0.7297950349029628,0.36340945065736047
44,compsva23,balloon,table,0.10371076552779764,0.13212659808324104,0.674589441765933,0.3664518506606594
45,compsva23,box,balloon,0.006177002578811678,0.009587760480577795,0.2867727292790553,0.04242886193192506
46,compsva23,box,book,0.08164285455430594,0.08870882383817287,0.4566315333861657,0.05014838614463554
47,compsva23,box,table,0.08678775081085116,0.09181450139766352,0.4590623694013931,0.056925033169773785
48,compsva23,book,balloon,0.006124873261205326,0.00955633669479065,0.284308813249916,0.040153117007887394
49,compsva23,book,box,0.007074706652640215,0.0094373224724478,0.2934007045365906,0.006210990058131336
50,compsva23,book,table,0.08307031380340175,0.0893652572448323,0.4202668552256951,0.053968710550402275
51,compsva23,table,balloon,0.007346454245280996,0.014974526256246332,0.2750777844675081,0.04340034738272067
52,compsva23,table,box,0.007455033086825075,0.015120024465316975,0.2767510999813202,0.043966313927676255
53,compsva23,table,book,0.0073801713115061686,0.015373583746397131,0.28515416126633103,0.045995884358280795
54,compsva24,picture,bin,0.1961733544845321,0.22054786654826564,0.4856546250859573,0.045751656074856546
55,compsva24,picture,table,0.007539495590531104,0.008269889554078959,0.2618968056371727,0.007840347086521001
56,compsva24,bin,picture,0.007555994599674849,0.008929410743267184,0.27456362210565183,0.005919725291155399
57,compsva24,bin,table,0.007078944234982339,0.007739939647450759,0.2417263329063845,0.006624494153019531
58,compsva24,table,picture,0.08537674353473335,0.11202790752891847,0.5870646583208912,0.07535104600367781
59,compsva24,table,bin,0.31243766070847545,0.2161065547960147,0.5729247440689208,0.07513548094532935
60,compsva25,picture,bin,0.2059300466086781,0.2127621427157808,0.4807351341761549,0.04484940275328305
61,compsva25,picture,table,0.0064326264334976105,0.009249078326132693,0.29575906512331224,0.007164946266097205
62,compsva25,bin,picture,0.00777978347805017,0.008853357215610936,0.2920094449351725,0.0066304934763084175
63,compsva25,bin,table,0.006249529150213752,0.009373798177363042,0.30024648539094434,0.006794976203013211
64,compsva25,table,picture,0.08473236147699678,0.11153254756413836,0.5870135964433693,0.06440971210644576
65,compsva25,table,bin,0.08520151869663961,0.1122689238128367,0.5879328823453895,0.3275023215939678
66,compsva34,balloon,bin,0.10187432993018612,0.12827287038446442,0.7297358212561124,0.3474568075222829
67,compsva34,balloon,table,0.10404104214433872,0.1350626135501512,0.6890066233011786,0.3751947686843994
68,compsva34,bin,balloon,0.0062472145921785216,0.009523901906862222,0.2845716736025287,0.040238533028322386
69,compsva34,bin,table,0.00706917862438268,0.007581045744899536,0.23604764749877,0.0064346439688257725
70,compsva34,table,balloon,0.005841188229180143,0.00931333103479738,0.2790819084819423,0.04401004339951855
71,compsva34,table,bin,0.3253450442766975,0.21415930669118005,0.5684336714018079,0.07473465165532975
72,compsvi12,pencil,cup,0.00750534610738916,0.009529051569498495,0.3464965326403277,0.041771330465179175
73,compsvi12,pencil,table,0.08868566886595948,0.09371159711063656,0.4729546906437012,0.05722079570438942
74,compsvi12,pencil,cube,0.0887423605437507,0.11402498181529055,0.5741347252479255,0.31988929920904885
75,compsvi12,cup,pencil,0.00655058074233191,0.009304510604048423,0.29620279049199977,0.04555175687721458
76,compsvi12,cup,table,0.08718080385363686,0.09186833927116347,0.4661053063499584,0.059412729546285306
77,compsvi12,cup,cube,0.005775293581600907,0.010879549513183822,0.483977496953987,0.06487389125448295
78,compsvi12,table,pencil,0.007473917465711733,0.015074333623724841,0.2751166860652921,0.04378222733431913
79,compsvi12,table,cup,0.007487435914252861,0.015041314691909669,0.2749415651583923,0.04372572069925414
80,compsvi12,table,cube,0.007482089215583802,0.015062253794821944,0.27494042796279666,0.04376037819116091
81,compsvi12,cube,pencil,0.005894386332851018,0.009346005107494998,0.2868514834120129,0.005846533164013659
82,compsvi12,cube,cup,0.008208508464931829,0.008274415787480876,0.2603714842611272,0.010320431149434622
83,compsvi12,cube,table,0.0864187395756655,0.0909329789135614,0.4453683172482393,0.0579252475303781
84,compsvi13,table,pencil (1),0.007484877747058824,0.015068078785692794,0.2749292477944001,0.0437675782009046
85,compsvi13,table,pencil,0.0073889802460004065,0.015340122147558753,0.2841767154911485,0.0458612369954493
86,compsvi13,table,mug,0.007398996097058886,0.015324683086127354,0.28408529118740866,0.04583377975025212
87,compsvi13,pencil (1),table,0.0875682701804135,0.0925278341688074,0.4573417720870793,0.055348587668853526
88,compsvi13,pencil (1),pencil,0.0056137072077339645,0.011256162476864869,0.5187194009038045,0.06133768514025529
89,compsvi13,pencil (1),mug,0.007495505718953142,0.00912772503660575,0.3455716235805399,0.03825525578277369
90,compsvi13,pencil,table,0.08598252602761627,0.0904840710647192,0.4466369331442361,0.057778946360350324
91,compsvi13,pencil,pencil (1),0.0062510726174259505,0.009409209179985266,0.3057369257699829,0.006761361165054829
92,compsvi13,pencil,mug,0.006582592299001364,0.009026054362746198,0.2679148293053771,0.007670396097113426
93,compsvi13,mug,table,0.08677177959010034,0.09166687482128824,0.4551938792361531,0.06009341757510901
94,compsvi13,mug,pencil (1),0.006992626454611637,0.01579886739061439,0.28209200511005483,0.006187402313068822
95,compsvi13,mug,pencil,0.005781908066529858,0.01081074298297181,0.4650991363475261,0.06449117291678291
96,compsvi14,bowl,ball,0.006944892688580475,0.01591141427384957,0.29626645816570696,0.04628724119137057
97,compsvi14,bowl,table,0.0863543827593169,0.0910618398672934,0.456146899257152,0.05895035710610557
98,compsvi14,bowl,pencil,0.006269183814004574,0.009581931179417628,0.2883701009206183,0.042239020240564105
99,compsvi14,ball,bowl,0.008660967174621245,0.008057234064438137,0.28111813081211423,0.009507020761894334
100,compsvi14,ball,table,0.08687164470867935,0.09166724890094866,0.4612087981322333,0.057426705430635834
101,compsvi14,ball,pencil,0.0064264157181329285,0.00952729237862128,0.2918492119383657,0.005974258444388962
102,compsvi14,table,bowl,0.007397662022502806,0.015321952469633459,0.2842609219971595,0.04583806999624658
103,compsvi14,table,ball,0.007276333066370347,0.01563192498203837,0.2936972048428884,0.04793581117999782
104,compsvi14,table,pencil,0.007469024886558775,0.015089973392794437,0.275467612080624,0.043825758310423006
105,compsvi14,pencil,bowl,0.07317350844263383,0.08237704316382399,0.4309354274699421,0.053013787489749956
106,compsvi14,pencil,ball,0.0061826544579467214,0.009400647021019249,0.3076385238049139,0.048135451270293665
107,compsvi14,pencil,table,0.08660682767198373,0.09100659564053712,0.4511045886185786,0.05546628598344872
108,compsvi14a,bowl,cube,0.0072467395686004535,0.015640839622254217,0.2958789763046304,0.04809345038993286
109,compsvi14a,bowl,table,0.08651850408512743,0.09107176809081786,0.4551982254527803,0.058508192507582886
110,compsvi14a,bowl,pear,0.006563292593219865,0.009486649692346754,0.2957735125906286,0.04590250434755897
111,compsvi14a,cube,bowl,0.007664487777603825,0.009315390467366716,0.32624256536994645,0.03995818275539592
112,compsvi14a,cube,table,0.08667457998220743,0.09116775150315563,0.4536027268215996,0.0560007217707538
113,compsvi14a,cube,pear,0.007232044803526722,0.009145015612438316,0.2929727328930113,0.008753400330493773
114,compsvi14a,table,bowl,0.007398857596610129,0.015317473929823954,0.28424731327183106,0.04582926425095702
115,compsvi14a,table,cube,0.007477309856338966,0.015076406448397441,0.27503146988850297,0.043784420837195054
116,compsvi14a,table,pear,0.007480739598906235,0.015071875237177294,0.2751160184965766,0.04378228919406597
117,compsvi14a,pear,bowl,0.0823550571742311,0.08819711258730174,0.4550654145007082,0.05850998861911594
118,compsvi14a,pear,cube,0.0059874352344565385,0.00987203653575838,0.3035503477212281,0.0061998876709374665
119,compsvi14a,pear,table,0.08670656292495782,0.09112789929593146,0.4522187278749044,0.055660297174811
120,compsvi15,jar,pencil,0.0058606504206896535,0.009306007115403143,0.2842498017562601,0.04352975357765944
121,compsvi15,jar,table,0.07762635759672136,0.08565331530087238,0.4112716270596525,0.053980694743055904
122,compsvi15,jar,box,0.006702266483503284,0.009277428584940905,0.2991227389570391,0.007152223855491817
123,compsvi15,jar,pear,0.005763823657103433,0.009378015688975942,0.30390818760744104,0.04181444906795413
124,compsvi15,pencil,jar,0.09553573580559838,0.11591374533924555,0.538281850551168,0.2666437195407406
125,compsvi15,pencil,table,0.08756132150336722,0.092223063879048,0.4550505831578218,0.05549179144361776
126,compsvi15,pencil,box,0.008029531093033315,0.008619652329938722,0.276659145725731,0.008655478347895956
127,compsvi15,pencil,pear,0.00575676120131329,0.009375623640916694,0.3038516242354953,0.041823915470643076
128,compsvi15,table,jar,0.007393203961771806,0.015344034788641247,0.2843404303034642,0.04588860490223542
129,compsvi15,table,pencil,0.007440475621073695,0.015118398316323537,0.27524047568739457,0.04384702490693402
130,compsvi15,table,box,0.0073704729320475965,0.015390923223959284,0.2856275831273453,0.04604941876905174
131,compsvi15,table,pear,0.0072354969715318984,0.015698784113083744,0.29441926821711584,0.048130413279996634
132,compsvi15,box,jar,0.005789334133872282,0.00956103379575056,0.3235550426926638,0.045390974369731725
133,compsvi15,box,pencil,0.0057767991732047145,0.009387897265819348,0.29752010724100825,0.0445772121364778
134,compsvi15,box,table,0.08681200755178181,0.09245070586359982,0.4606310747202707,0.06127291859169891
135,compsvi15,box,pear,0.006971625754588525,0.016027264929410506,0.31377333395874313,0.049558271492526305
136,compsvi15,pear,jar,0.005544978535117635,0.01043223124909651,0.4247319616436071,0.05149903087004807
137,compsvi15,pear,pencil,0.005584234533336044,0.010274917609498587,0.394288564941186,0.05006154104907597
138,compsvi15,pear,table,0.08635617002036328,0.09147092976949008,0.4530503959687903,0.056000933025142335
139,compsvi15,pear,box,0.010678788133694302,0.006059385782156039,0.18887423561784614,0.006552642798801048
140,compsvi16,table,bowl,0.007403014221701298,0.015300406676961382,0.2840921397300787,0.045789747434273664
141,compsvi16,table,pear,0.00728500167651018,0.015618757095754297,0.2934059301784175,0.04789561496077132
142,compsvi16,table,pencil,0.007479540396863781,0.015060651665622012,0.2751042221821375,0.04376097637160073
143,compsvi16,bowl,table,0.08608634543554512,0.09050705002735544,0.4504538996410646,0.057544286109639214
144,compsvi16,bowl,pear,0.005869887690552842,0.009381014452529712,0.3065930879146591,0.043006354806676084
145,compsvi16,bowl,pencil,0.006399204607385664,0.009444792197703446,0.2988711543528304,0.04633344215366521
146,compsvi16,pear,table,0.08679771032988727,0.09180704982832892,0.4606812056548998,0.05917458618033276
147,compsvi16,pear,bowl,0.005822343087246927,0.010343296925116208,0.4079275292767233,0.048705861908235365
148,compsvi16,pear,pencil,0.005770418452727343,0.00936109669072488,0.3028776383222227,0.0060097106895006
149,compsvi16,pencil,table,0.08655288127202272,0.09093878481576988,0.4551828909406597,0.05625276150567561
150,compsvi16,pencil,bowl,0.006792830354388649,0.010325958592295542,0.3684222210665841,0.04582618559959323
151,compsvi16,pencil,pear,0.005739035837613555,0.00948768612854562,0.3159899928694679,0.04305878408927665
152,compsvi23,table,box,0.31916602877170985,0.20998735731198434,0.5575505006055776,0.07521650029804391
153,compsvi23,table,box (1),0.3275724328061039,0.21492790543909013,0.5691527511789385,0.07550181316035785
154,compsvi23,box,table,0.007507637438142127,0.007451483042048347,0.20035067712017324,0.0065410101016773045
155,compsvi23,box,box (1),0.08016795399940745,0.10092002520281232,0.5281762661679764,0.3041116133425444
156,compsvi23,box (1),table,0.007071969829343494,0.007577471943065539,0.2356372521883408,0.006289795734016404
157,compsvi23,box (1),box,0.00578894444687749,0.009141454694858045,0.284281424457876,0.03909261529860879
158,compsvi24,cup,table,0.08559553201738165,0.08987805177605873,0.44247692168794295,0.05641590364665219
159,compsvi24,cup,cube,0.0057684866253148075,0.010873397877115,0.4805688160913466,0.06488746609467258
160,compsvi24,cup,pencil,0.006320730349033182,0.009536565322181865,0.28634869831624915,0.04038503893371904
161,compsvi24,table,cup,0.007486881315191316,0.015038975601328844,0.27494273862008983,0.043723673912364154
162,compsvi24,table,cube,0.007396415125942573,0.015321675242735729,0.2839929804489705,0.045822861877165465
163,compsvi24,table,pencil,0.007447571880193784,0.015076402414007572,0.27540768506916724,0.04376555559201583
164,compsvi24,cube,cup,0.007365556581285021,0.008780128822624205,0.27551965667001,0.009210392156636469
165,compsvi24,cube,table,0.07991626445297455,0.08664032372246208,0.4228585837891119,0.05630880951992229
166,compsvi24,cube,pencil,0.005907867037904495,0.009366373127729366,0.27783044311347405,0.038528007176695266
167,compsvi24,pencil,cup,0.07280574817150537,0.08164409632848757,0.41728665026058026,0.047229777068263125
168,compsvi24,pencil,table,0.08692114158277511,0.0911090162179966,0.454096088124573,0.05527938099056735
169,compsvi24,pencil,cube,0.10227282374344754,0.13215813131202042,0.683799699982837,0.35319076137877825
170,compsvi24a,pear,cup,0.1900365129900038,0.19122012718766915,0.4195424121239054,0.0452607904646348
171,compsvi24a,pear,table,0.08647443462735778,0.09069922096762648,0.4462219993527007,0.05420128884289829
172,compsvi24a,pear,cube,0.3035941713077785,0.2409000466969567,0.6809094199264627,0.062222989968302354
173,compsvi24a,cup,pear,0.00753455802251688,0.00903688000381586,0.2837803604136961,0.00672297216509671
174,compsvi24a,cup,table,0.08558791676791493,0.08986818187691893,0.4424200921862916,0.05641661108568827
175,compsvi24a,cup,cube,0.0056720003267530785,0.010939246200321794,0.4933618131078658,0.07083454979710481
176,compsvi24a,table,pear,0.007458339086865702,0.015099341831644469,0.2756646657402518,0.04384412374302349
177,compsvi24a,table,cup,0.007485506733814876,0.015039682917173697,0.2749721822680978,0.04372811036539629
178,compsvi24a,table,cube,0.007481996181831248,0.01506687536296214,0.27491156018873003,0.043761948200470115
179,compsvi24a,cube,pear,0.006298028844774128,0.009293035315537464,0.2716098449209561,0.005478788175807469
180,compsvi24a,cube,cup,0.00892785490627242,0.007768506524205262,0.2442564100976966,0.010269231984143621
181,compsvi24a,cube,table,0.08654766001906372,0.09108452438428148,0.4536209182972982,0.05874639168797238
182,compsvi25,jar,pencil,0.005862971662766278,0.009307187291205566,0.2842271570382714,0.0435789262937606
183,compsvi25,jar,table,0.07711147916695373,0.0850495733252215,0.40588340746539975,0.05325925622052554
184,compsvi25,jar,box,0.006753021324431463,0.009258728088191484,0.2984987306131177,0.0072517734050108465
185,compsvi25,jar,pencil (1),0.005715546508071029,0.009718779820889988,0.3371230800276589,0.04566914944421254
186,compsvi25,pencil,jar,0.07539760669637657,0.08349979428277038,0.4011653303899746,0.05204971296055972
187,compsvi25,pencil,table,0.08778309140469359,0.09250555819963582,0.4581244849395588,0.0559340381250977
188,compsvi25,pencil,box,0.007961431291552837,0.008529983405958558,0.2693464139718545,0.008834495144660896
189,compsvi25,pencil,pencil (1),0.08631436697886155,0.09219698307686533,0.4536058429885944,0.048430232282555566
190,compsvi25,table,jar,0.007393433781476211,0.0153438346023868,0.2843393293919633,0.04588765492134916
191,compsvi25,table,pencil,0.007440712382154147,0.015118312171099216,0.27524103584634896,0.04384690873089102
192,compsvi25,table,box,0.007457598599730416,0.015122628164259175,0.27643680213926125,0.04395507391302251
193,compsvi25,table,pencil (1),0.007421289671982173,0.015110510047782981,0.2755702114258666,0.04393116718531088
194,compsvi25,box,jar,0.005792978863066398,0.009564055225161705,0.32382605237992,0.045554157870007335
195,compsvi25,box,pencil,0.005777356834706855,0.009388397753787076,0.2975590143180739,0.044567281143637415
196,compsvi25,box,table,0.08667778298305423,0.09170387094216463,0.4500803683045537,0.05911761531768316
197,compsvi25,box,pencil (1),0.005879104962780348,0.009616323911834724,0.3224802670358589,0.04798058813523901
198,compsvi25,pencil (1),jar,0.005716596828402461,0.009171674977351527,0.25167297342068023,0.0057154607319330935
199,compsvi25,pencil (1),pencil,0.005785077014549901,0.009182974730291251,0.238068861158004,0.005095724527255405
200,compsvi25,pencil (1),table,0.0864834695694999,0.09148587902672033,0.4515158137317119,0.054963855738964014
201,compsvi25,pencil (1),box,0.006370481521040345,0.009061079700732085,0.24621588373613704,0.0066866311820639405
202,compsvi26,cup,table,0.08559327055621077,0.08987505474337454,0.4424695711834815,0.05641573950662707
203,compsvi26,cup,cube,0.005751327332666532,0.010880190320160358,0.4806816027257736,0.06484935068802714
204,compsvi26,cup,pencil,0.09034328823472627,0.11821668397370892,0.5854662925992822,0.33189516598920393
205,compsvi26,table,cup,0.007402911114318874,0.015293459274718143,0.2839495527154029,0.04577343172089205
206,compsvi26,table,cube,0.007395964281822299,0.015323795326210478,0.2840053316384216,0.045826231688842915
207,compsvi26,table,pencil,0.0073931319098741845,0.015345541901539009,0.28436952380698105,0.045890915506867164
208,compsvi26,cube,cup,0.0073680531178347015,0.008828017140498159,0.27847226454897883,0.009358157379806087
209,compsvi26,cube,table,0.07994135142501017,0.08670645296128647,0.4237773506252644,0.056626426915553855
210,compsvi26,cube,pencil,0.08444637741952768,0.11052824025188993,0.5502029634409582,0.32033359763260505
211,compsvi26,pencil,cup,0.005774186273656322,0.009365613236166245,0.3023263557092889,0.041971342754833094
212,compsvi26,pencil,table,0.07355358736387456,0.08212343244986939,0.35596868937371345,0.04282818344608614
213,compsvi26,pencil,cube,0.005767856086543318,0.009374119071194882,0.3038130593995453,0.04177465839773059
214,compsvi26a,lamp,pencil,0.08596022373490196,0.11168874874929652,0.591423870456348,0.06680592513516931
215,compsvi26a,lamp,bowl,0.005350921762570897,0.011022692340282298,0.517166213536294,0.30663562182605203
216,compsvi26a,lamp,table,0.0856596706127957,0.09122014016206867,0.4579912536211241,0.057770668367782246
217,compsvi26a,pencil,lamp,0.007795897976666484,0.00833504181153288,0.26422641691867416,0.009298983919859938
218,compsvi26a,pencil,bowl,0.005768172636567643,0.009352665441225228,0.3030584793240017,0.04147924038585289
219,compsvi26a,pencil,table,0.0860626108145421,0.09090507047208883,0.4445956248739106,0.05434642094721385
220,compsvi26a,bowl,lamp,0.005756755337779342,0.009348331416892248,0.3029081789535016,0.041593229493730254
221,compsvi26a,bowl,pencil,0.0056179195724603325,0.010141085085595568,0.3870654701067398,0.04988904358075161
222,compsvi26a,bowl,table,0.08706346425187274,0.09176248716933827,0.4632992372132196,0.05984911389288202
223,compsvi26a,table,lamp,0.0070690435544059375,0.01599896982744499,0.30351974257460285,0.04957144094625697
224,compsvi26a,table,pencil,0.0074227736098942685,0.015120312913443994,0.2754900151425711,0.04388092008058537
225,compsvi26a,table,bowl,0.0074006691696894625,0.015310754752761847,0.28417503059106924,0.0458129579789164
226,compsvi3,table,pencil,0.007389014978177951,0.0153397979054881,0.28417015329063583,0.045860609195255836
227,compsvi3,table,pear,0.007394304709736645,0.015340131122060738,0.28397361364225737,0.04586289977875296
228,compsvi3,table,mug,0.007399083691666825,0.015324136717302431,0.28407391004310883,0.04583229382719736
229,compsvi3,pencil,table,0.08491747006065492,0.08992947200771524,0.4445913451581693,0.05819044519001202
230,compsvi3,pencil,pear,0.005762778564850682,0.009372424116604544,0.30396939201034057,0.041809997422458875
231,compsvi3,pencil,mug,0.006562811985318475,0.009059137111613876,0.26886539605836124,0.00765973266977492
232,compsvi3,pear,table,0.08700217558010152,0.0922330405465618,0.4623924355166213,0.05920702930329622
233,compsvi3,pear,pencil,0.005452306079979467,0.010803627453210724,0.476926316059488,0.28190107350090854
234,compsvi3,pear,mug,0.00585093497803641,0.00929353842125203,0.29768658859065794,0.006289967082778321
235,compsvi3,mug,table,0.08675075992911406,0.09186772121717507,0.4583041567651883,0.060634548292566856
236,compsvi3,mug,pencil,0.005780326030920631,0.010755875792953831,0.4587048815510209,0.06376024182001332
237,compsvi3,mug,pear,0.005822219039309295,0.00991855068410858,0.363597508083859,0.047797053260705415
238,compsvi34,table,pencil (1),0.007458611203446872,0.015105539160532422,0.27540753660708683,0.04384283431595134
239,compsvi34,table,pencil,0.007388673453773238,0.0153404580897659,0.284185040839961,0.045862828329029263
240,compsvi34,table,mug,0.0073990529852446816,0.015324372852059646,0.2840805501001853,0.04583304413983102
241,compsvi34,pencil (1),table,0.08692302681928699,0.091345185610086,0.450327823331056,0.055038489470243146
242,compsvi34,pencil (1),pencil,0.10227195868154174,0.13253678039814135,0.7004537166910084,0.3556959855786692
243,compsvi34,pencil (1),mug,0.07741601132633012,0.08616175224403202,0.4451735309437315,0.050703829792518335
244,compsvi34,pencil,table,0.08461807441470677,0.08957325605178028,0.4392632310760509,0.057427039493142366
245,compsvi34,pencil,pencil (1),0.006007675728582564,0.009483786638371957,0.2818572617254454,0.03953237706395588
246,compsvi34,pencil,mug,0.006570262224773922,0.00903813978103972,0.26797734371804943,0.007660231952867656
247,compsvi34,mug,table,0.086151634134107,0.09089062670468216,0.4468231361229633,0.05844116680469999
248,compsvi34,mug,pencil (1),0.006285496563373189,0.009571927044183177,0.28709336363498394,0.04226773813366222
249,compsvi34,mug,pencil,0.005795974273277257,0.010766965552625568,0.4588850198868914,0.06390450728927907
250,compsvi36,table,pencil,0.007389014985193016,0.01533979790980692,0.2841701542558537,0.045860609076655325
251,compsvi36,table,pear,0.007394305401502592,0.015340130699338275,0.28397359521713234,0.04586289620462362
252,compsvi36,table,mug,0.007399088726284438,0.015324133612846482,0.2840737726663404,0.04583226751169124
253,compsvi36,pencil,table,0.08491903948465948,0.08993047912471203,0.4445972358999121,0.058189368482438684
254,compsvi36,pencil,pear,0.0057627776972000045,0.009372422193416071,0.3039692481669928,0.04180998205991257
255,compsvi36,pencil,mug,0.006562806707837314,0.009059208098907423,0.26886438667539064,0.007659535338696714
256,compsvi36,pear,table,0.08709634134478347,0.09226571664897468,0.4625256830438835,0.0591825679570211
257,compsvi36,pear,pencil,0.005452306079979467,0.010803627453210724,0.476926316059488,0.28190107350090854
258,compsvi36,pear,mug,0.005849511624735814,0.009293012926041443,0.2976767902225521,0.006287394592873879
259,compsvi36,mug,table,0.08732564772884857,0.09218935757308426,0.4598836934085069,0.060518332630114184
260,compsvi36,mug,pencil,0.005780321191780346,0.010755880138131451,0.4587051143048496,0.06376030479528495
261,compsvi36,mug,pear,0.005821822721086264,0.009918285557732436,0.3635636908635596,0.04778418245939945
262,compsvi45,table,pencil,0.007388855616730494,0.015340343379144776,0.2841798821691127,0.04586188100056426
263,compsvi45,table,cup,0.007288505760858001,0.015585227293223081,0.2936421232732437,0.04785323920159797
264,compsvi45,table,mug,0.007398620733462161,0.015324640898116597,0.2840926919353831,0.04583526492696459
265,compsvi45,pencil,table,0.08470676067683533,0.08968531988621027,0.4404567079730093,0.05770942480438956
266,compsvi45,pencil,cup,0.006677557559764147,0.008823380895467012,0.2787304824406833,0.0073990656167117665
267,compsvi45,pencil,mug,0.006573349422778994,0.00904634490854064,0.2686495162347175,0.007666054524570557
268,compsvi45,cup,table,0.08492905859707864,0.08974502556757248,0.444935846775284,0.05769963268021002
269,compsvi45,cup,pencil,0.005501717705230131,0.0113234001722002,0.54907767195586,0.06867539374968838
270,compsvi45,cup,mug,0.005783226710237574,0.0107070235010446,0.4508990249016316,0.058418795626929296
271,compsvi45,mug,table,0.08599355673963953,0.0906907749277002,0.4446981025983263,0.05796625427963264
272,compsvi45,mug,pencil,0.00579294930313115,0.010720755912005579,0.4541315077834854,0.061493469249478294
273,compsvi45,mug,cup,0.0064811121176339475,0.009184162766112008,0.2902040325248281,0.007195520048793742
274,compsvi46,bowl,ball,0.005838348199950237,0.009387064300352028,0.307111558582548,0.043325539152086215
275,compsvi46,bowl,table,0.08591029729642014,0.09049814450206352,0.44995044051008337,0.05769544961500229
276,compsvi46,bowl,pencil,0.006295537055183364,0.009581850236172095,0.2889152950854241,0.04236402594227753
277,compsvi46,ball,bowl,0.006003070391692504,0.009763760143171195,0.34033695567243016,0.0071362597258954
278,compsvi46,ball,table,0.08668380291833401,0.09142727473336404,0.4581797758788663,0.057083226632402194
279,compsvi46,ball,pencil,0.0057858370301120425,0.009253694978830293,0.2623701144600827,0.005619908991768862
280,compsvi46,table,bowl,0.007397786882199705,0.015321874592600822,0.2842573860045537,0.045837420940471746
281,compsvi46,table,ball,0.00727676407023909,0.01563489321884539,0.2936727958758999,0.047934204523455676
282,compsvi46,table,pencil,0.007469211924720219,0.015089806634371641,0.27546599005318145,0.043825561201542684
283,compsvi46,pencil,bowl,0.0720666460554819,0.08096809553471772,0.4155107108452559,0.05094393586514755
284,compsvi46,pencil,ball,0.00576343348701774,0.009368814462394568,0.3038748274237905,0.041789619839806384
285,compsvi46,pencil,table,0.08727608483805714,0.09185999683743944,0.4599981052789515,0.05683353935500892
286,compsvinew1,plate,table,0.08677797036348546,0.09170410548885798,0.4521073461925722,0.059698473416300656
287,compsvinew1,plate,cube,0.00720178248333103,0.015762921014982962,0.2991492824200854,0.04883211930257438
288,compsvinew1,plate,pencil,0.005663272716453122,0.011082816784905592,0.5189756941681021,0.06766792133065123
289,compsvinew1,table,plate,0.007387024752399288,0.015359083169904784,0.2853820018675937,0.0459631680946416
290,compsvinew1,table,cube,0.007470921702462939,0.015103140404013643,0.2750875257349269,0.04384536422258657
291,compsvinew1,table,pencil,0.007324983292737109,0.015371954920015009,0.2845491900557651,0.045904879598239655
292,compsvinew1,cube,plate,0.007531813854857797,0.009569667814957585,0.3357091507147046,0.04192097377582915
293,compsvinew1,cube,table,0.08766255243838908,0.09271361133056844,0.4646311408018585,0.05735580641957809
294,compsvinew1,cube,pencil,0.005486075094985456,0.010684551395780057,0.4595491055277448,0.27244837068516015
295,compsvinew1,pencil,plate,0.007933875527096979,0.008706200980833459,0.2795740307390313,0.008642516156563371
296,compsvinew1,pencil,table,0.07277697391946661,0.08160245640103866,0.3515122255289152,0.042585346713160895
297,compsvinew1,pencil,cube,0.005790320824733253,0.009278318554347622,0.2863106320350011,0.0400086982080522
298,compsvinew2,mug,table,0.08706139489284903,0.09133253535291376,0.448118788064522,0.05273429479674336
299,compsvinew2,mug,box,0.1024041872183951,0.1326409304386049,0.6597758871300321,0.34815657688004104
300,compsvinew2,table,mug,0.007394595975078346,0.015050250606492125,0.2750200798565714,0.04362297565512552
301,compsvinew2,table,box,0.007278073919082152,0.015642405894647694,0.2936017614829084,0.04796238672269704
302,compsvinew2,box,mug,0.005783985783367871,0.009117551354800756,0.2685641271681153,0.005345683087392988
303,compsvinew2,box,table,0.08625949559032002,0.09163047346359804,0.4485681770164957,0.05927596691618834
304,compsvo12,box,book (1),0.005785694771926878,0.009100708583406229,0.2593162602032747,0.005379754224057334
305,compsvo12,box,book,0.005700882800678164,0.008811182488979694,0.25077794481908705,0.00496492297056868
306,compsvo12,box,table,0.006987190403524453,0.007457554583333823,0.20074563103917514,0.006151765288526614
307,compsvo12,book (1),box,0.09770365344742092,0.12163137075917844,0.6180943613389209,0.32558176094115326
308,compsvo12,book (1),book,0.005760063097464368,0.009374471754294685,0.3038770929424941,0.04179806106689612
309,compsvo12,book (1),table,0.08724036596482904,0.09240765300653477,0.4442600190793385,0.05600764571335218
310,compsvo12,book,box,0.08483080139377258,0.09978132997748244,0.5616286998191026,0.2890871825234447
311,compsvo12,book,book (1),0.005751182064834962,0.0094366666406077,0.31003524965709045,0.042532707342847
312,compsvo12,book,table,0.0843512261643676,0.09076681983828754,0.4546530854909601,0.058543868017704635
313,compsvo12,table,box,0.3077781078985996,0.21344635240486687,0.5640258312362861,0.07553596630146406
314,compsvo12,table,book (1),0.007390448026620222,0.01535206547457209,0.28522253848168183,0.04593926448208812
315,compsvo12,table,book,0.005823405554588428,0.009291298971917245,0.2912128370983145,0.04485470695177982
316,compsvo12v,board,book,0.006481357644049357,0.009358819995478648,0.2802457172997261,0.04316172772717146
317,compsvo12v,board,table,0.08521920108988787,0.09038164325193382,0.4472356373506576,0.05696616708060661
318,compsvo12v,board,clock,0.0065458250061395966,0.009273426774938712,0.3244509048413259,0.04956105081798097
319,compsvo12v,book,board,0.08539742536984098,0.09061169709308456,0.4676659672435382,0.06159066692500891
320,compsvo12v,book,table,0.08076958400699405,0.0837072667866863,0.4281166386009817,0.04631005917651269
321,compsvo12v,book,clock,0.10207932655742354,0.13230933185147545,0.6454626278770513,0.3420641150883825
322,compsvo12v,table,board,0.0074404282756219626,0.015183091586466631,0.27878264548583565,0.044452981051294305
323,compsvo12v,table,book,0.007219045613901407,0.014413470376771391,0.2674212937580319,0.041366069353461224
324,compsvo12v,table,clock,0.007258146332681333,0.014606093592384888,0.2694810878806973,0.042068877370592186
325,compsvo12v,clock,board,0.010426350992076444,0.00640542217129436,0.17940177848250122,0.006679097337981625
326,compsvo12v,clock,book,0.005786917049503371,0.009208405748101422,0.2745942593330304,0.038094133817242214
327,compsvo12v,clock,table,0.08276447863422902,0.0862075080974358,0.43171353761354586,0.04790282909577602
328,compsvo13v,jar,board,0.006323051725330827,0.009408463918635713,0.3013576774024031,0.006691394052775089
329,compsvo13v,jar,book,0.00594556070517075,0.009291503249321102,0.27654405307574154,0.03851497372124546
330,compsvo13v,jar,table,0.07390399363615391,0.08234871858487458,0.391741713566635,0.05107515083517846
331,compsvo13v,board,jar,0.09375680304426533,0.1224526760663294,0.6301259847687998,0.34180003441052753
332,compsvo13v,board,book,0.0064816708262326935,0.009359391088841072,0.28028275796189545,0.04316757090829366
333,compsvo13v,board,table,0.0852799497640191,0.09045837056232103,0.4480671927067853,0.057158211111128725
334,compsvo13v,book,jar,0.0978173086632408,0.12068980668435456,0.6599493077857336,0.33997091884725567
335,compsvo13v,book,board,0.08548363605881089,0.09072305917392842,0.4689947673978978,0.06195569711128228
336,compsvo13v,book,table,0.08138819115827957,0.08445378063817517,0.4370442382003419,0.047129888550982574
337,compsvo13v,table,jar,0.007419708810611944,0.01526720645571726,0.28178894411568856,0.04533303189862982
338,compsvo13v,table,board,0.0074405474275653985,0.01518302277130732,0.27877941918849264,0.044452412220464955
339,compsvo13v,table,book,0.007219031408950759,0.014413476674396509,0.2674216753411324,0.04136613039077322
340,compsvo14,book (1),book,0.08377080656589889,0.09269456353997088,0.4958276449400448,0.05121020494922432
341,compsvo14,book (1),table,0.08707475853529785,0.0920658534016708,0.4596617745825062,0.05705602035159753
342,compsvo14,book,book (1),0.006843095354930409,0.00947308550759478,0.28740595093538784,0.041633062422675816
343,compsvo14,book,table,0.08490584561532515,0.09087771174436897,0.4321982729378557,0.055386686348183695
344,compsvo14,table,book (1),0.0074613085886934905,0.015116534939262025,0.2762961680158918,0.04393920694656337
345,compsvo14,table,book,0.007377149053950049,0.015380541205746747,0.2852201109599721,0.04601162476273704
346,compsvo14a,box,book,0.0062165699636985644,0.00962937398284179,0.2956307669409512,0.04372936235346409
347,compsvo14a,box,table,0.08436860783420692,0.0905724732787546,0.4543265692303216,0.06033134948942651
348,compsvo14a,book,box,0.08477417805333237,0.09212140760683883,0.4923098432377195,0.058439324292151026
349,compsvo14a,book,table,0.08843355429769907,0.09322206959194662,0.4727745873730516,0.05683544932842664
350,compsvo14a,table,box,0.007373796741283052,0.015374908959630024,0.2854343712827567,0.046025857585284005
351,compsvo14a,table,book,0.007413204048787445,0.015102064442536974,0.2761785114517943,0.04380693991596989
352,compsvo14v,jar,board,0.0057720105383341795,0.00936900423839594,0.3020799760581994,0.041989085554389134
353,compsvo14v,jar,book,0.005787960672600051,0.009089036508409056,0.2698903039384867,0.037020278349218554
354,compsvo14v,jar,table,0.07334691688231341,0.08144465077089681,0.3875179555507276,0.0503634983218134
355,compsvo14v,board,jar,0.09479094726790754,0.12419007782543935,0.6080416584386712,0.3435743445584789
356,compsvo14v,board,book,0.0064816205654144345,0.00935930002982708,0.28027685185333945,0.04316665379692847
357,compsvo14v,board,table,0.08521291494216544,0.09037371109125394,0.4471497680284168,0.05694634532540361
358,compsvo14v,book,jar,0.0973789056667328,0.12012754963816748,0.6153091275982799,0.32779754133592015
359,compsvo14v,book,board,0.0854661369205978,0.09070041771026413,0.4687242240176198,0.06188152677213729
360,compsvo14v,book,table,0.08204315397667472,0.08527643364345522,0.4471824404525009,0.04765436891025349
361,compsvo14v,table,jar,0.0074218089257758035,0.015234782903630572,0.28176811978449634,0.04527889189062476
362,compsvo14v,table,board,0.007440521438218693,0.01518303780554897,0.2787801240500196,0.04445253662831052
363,compsvo14v,table,book,0.007219018226207,0.014413482515861354,0.2674220292847687,0.04136618698791759
364,compsvo16,balloon,book,0.09775447280815593,0.1225396463333509,0.6215601644415123,0.3279333203834284
365,compsvo16,balloon,table,0.10489810468950034,0.13484101234452986,0.6807652345425055,0.36974232981617816
366,compsvo16,book,balloon,0.005779542823793632,0.009124322643240809,0.2712905218556473,0.037370890490284935
367,compsvo16,book,table,0.08601059418869825,0.0912105526917987,0.4336102020534187,0.05516008958603608
368,compsvo16,table,balloon,0.00740178816257175,0.015098086475497034,0.276365279643197,0.04379613358654628
369,compsvo16,table,book,0.007385521487347094,0.015365954214571828,0.2853374986821936,0.045973997080322425
370,compsvo16a,balloon,book,0.0715851136065937,0.0882662459637208,0.4677760289801931,0.26668521706831805
371,compsvo16a,balloon,table,0.08596477178926157,0.11016933851276366,0.5470479530990381,0.30957914376838586
372,compsvo16a,book,balloon,0.0056930324171980615,0.009055860379770938,0.29198996697778623,0.039197417009168484
373,compsvo16a,book,table,0.08600131859841491,0.0911985154742212,0.4334912769300152,0.0551423569424585
374,compsvo16a,table,balloon,0.005788503118804794,0.009404729193851071,0.3104768987318753,0.047732013725177914
375,compsvo16a,table,book,0.007385519045374222,0.015365955782099363,0.2853375687964007,0.045974009988575114
376,compsvo17,box,book,0.006131620469350336,0.009550808459199069,0.2858635195743046,0.04161116089367872
377,compsvo17,box,table,0.00706581322419765,0.007575859479064958,0.23557480580488754,0.006288776886351371
378,compsvo17,book,box,0.10162205423916604,0.1306380242288892,0.7410166619670416,0.36807888849476095
379,compsvo17,book,table,0.09926322130313996,0.11373638773674667,0.5320062446222106,0.0487106940657776
380,compsvo17,table,box,0.32871966163684496,0.214838116360379,0.5689341257194193,0.07533765613948223
381,compsvo17,table,book,0.0073855346972430186,0.015365902880787131,0.2853368667070969,0.045973882373164264
382,compsvo18,box,book,0.005782506333065084,0.009149669858165644,0.27336831881368695,0.03746792962708722
383,compsvo18,box,table,0.005730557872352872,0.009276809331120272,0.2980388218112729,0.0061387014625000885
384,compsvo18,book,box,0.0987990897226224,0.12504049212952126,0.627778948984269,0.3320459217728627
385,compsvo18,book,table,0.0847682840647742,0.0904850536385714,0.4304453499321276,0.05519995501238961
386,compsvo18,table,box,0.08355520001453258,0.1094243721082364,0.5597769059554156,0.3189466452061113
387,compsvo18,table,book,0.007385464617925959,0.0153659560505239,0.2853386909872159,0.04597425815378285
388,compsvo19,box,book,0.0056348013685802115,0.008631542078952167,0.2553937739839018,0.03404165464814991
389,compsvo19,box,table,0.005711173027590069,0.00926018098976867,0.2985350288245657,0.006063103666758625
390,compsvo19,book,box,0.07756562679845387,0.0895911426382436,0.5371332075884592,0.2740926442421386
391,compsvo19,book,table,0.08477485501193094,0.09049370567789902,0.43053117785566397,0.05521302712644696
392,compsvo19,table,box,0.08312732890057377,0.10840083541847824,0.5591596540273996,0.3219173663158871
393,compsvo19,table,book,0.007385417612830662,0.015365986149899228,0.28534023094130895,0.04597450346960287
394,compsvo23v,jar,board,0.006322677202878979,0.00940784449082905,0.30131259497800505,0.006679998065101229
395,compsvo23v,jar,table,0.07394756941365048,0.0824099698740592,0.3923648904452472,0.051177925630887584
396,compsvo23v,jar,clock,0.0057876428485280395,0.009088690908809451,0.2686919699000469,0.03654733730894376
397,compsvo23v,board,jar,0.09381199182671968,0.12251686281006745,0.6308197844376803,0.3431941898148388
398,compsvo23v,board,table,0.08521291494216544,0.09037371109125394,0.4471497680284168,0.05694634532540361
399,compsvo23v,board,clock,0.006546350149638195,0.009269140431729677,0.3240763693596539,0.04931139414224379
400,compsvo23v,table,jar,0.007419699570775155,0.015267211972038897,0.2817891973600068,0.04533307749211978
401,compsvo23v,table,board,0.0074402545697211265,0.015183191397926074,0.2787873249311589,0.044453803289971665
402,compsvo23v,table,clock,0.007258216042069694,0.014606061409286018,0.2694792582655289,0.0420685820649583
403,compsvo23v,clock,jar,0.09897869962630657,0.12337049892481547,0.6198846438067683,0.33202514117787674
404,compsvo23v,clock,board,0.010400457250948292,0.006398306658278099,0.17880557982183726,0.0066544375263167515
405,compsvo23v,clock,table,0.08342429701589525,0.08707408887526218,0.4360518234083425,0.04789277492934707
406,compsvo24,pear,book,0.08593607338819459,0.09071562696632006,0.4562943109489357,0.058847799579819796
407,compsvo24,pear,table,0.09085964963381864,0.0980735125240228,0.4782971744356775,0.05302816101548045
408,compsvo24,book,pear,0.007430673849086066,0.01522168166038991,0.2818667292690856,0.04514111748890794
409,compsvo24,book,table,0.08448022195466373,0.09084456669035336,0.4524726022090404,0.05825498031073266
410,compsvo24,table,pear,0.007441659536950163,0.015098004985638815,0.2751404278823667,0.0439124823761013
411,compsvo24,table,book,0.005826843993584786,0.009296577927987036,0.2910644777067466,0.045132136030272
412,compsvo24v,jar,board,0.00577160633415411,0.009369305598995356,0.3020925994997407,0.04199308231142702
413,compsvo24v,jar,table,0.07342775297682555,0.0815826097680695,0.3875846173786967,0.05037317530442192
414,compsvo24v,jar,clock,0.005782023812872983,0.009085661106111413,0.26972883527026154,0.036998749405282264
415,compsvo24v,board,jar,0.0946111225193405,0.12422325400026245,0.6081959036348122,0.3390180481360636
416,compsvo24v,board,table,0.08622868016071339,0.09167815081975833,0.4615244104877581,0.06015212152154549
417,compsvo24v,board,clock,0.006544158956118558,0.009271380697640259,0.3242720884621669,0.04956049731360932
418,compsvo24v,table,jar,0.0074239213759378034,0.015245183111372662,0.28172685480523457,0.04528684971319119
419,compsvo24v,table,board,0.007440479248987018,0.01518306218215622,0.2787812669127433,0.04445273818524525
420,compsvo24v,table,clock,0.00725826485058248,0.014606038825465791,0.26947797436982895,0.04206837452364015
421,compsvo24v,clock,jar,0.09696654968525567,0.11968447790465025,0.6121403720698662,0.32636290157840875
422,compsvo24v,clock,board,0.010399658232502879,0.006398086838823635,0.17878732374820136,0.006653655023227684
423,compsvo24v,clock,table,0.0829201722617199,0.08639542955543407,0.4338296484015032,0.048148194782879315
424,compsvo26,balloon,book,0.08249700878847485,0.09655123890490296,0.5556683502692888,0.28537536005967906
425,compsvo26,balloon,table,0.10489810468950034,0.13484101234452986,0.6807652345425055,0.36974232981617816
426,compsvo26,book,balloon,0.005681325852099941,0.008773677825344486,0.2596359467319749,0.03495687433314878
427,compsvo26,book,table,0.08524035228782811,0.09145983234695472,0.4573422933094573,0.059026580645553134
428,compsvo26,table,balloon,0.007401788091057389,0.01509808651573535,0.27636528157578377,0.04379613392074797
429,compsvo26,table,book,0.005876457470284527,0.00930731376010518,0.2913201572107348,0.04504347088177196
430,compsvo27,box,book,0.005744165770506522,0.009096682366217742,0.27192698928435943,0.03758630371430795
431,compsvo27,box,table,0.007060542170609005,0.007576718842329535,0.2357692674266275,0.006288789788252606
432,compsvo27,book,box,0.0950782550001014,0.11907811337688433,0.6271090247927049,0.33102993814969844
433,compsvo27,book,table,0.08438818817011544,0.09072988216854644,0.4512020914178089,0.05817498364123031
434,compsvo27,table,box,0.32813024784390393,0.2146574490585879,0.5682719063714907,0.07583407354652758
435,compsvo27,table,book,0.005856843521413822,0.009311446383547792,0.2914683993495273,0.04491944542401103
436,compsvo28,box,book,0.005993100442093675,0.00945850080634965,0.2836494510515446,0.04001673438676967
437,compsvo28,box,table,0.0057304837694027826,0.009281112569483552,0.2984306050833993,0.006139377755901795
438,compsvo28,book,box,0.1031123422697282,0.13348644428345913,0.7072238211282609,0.3678403293237464
439,compsvo28,book,table,0.08378020564610653,0.09071224976093067,0.458623769206669,0.05950053792586491
440,compsvo28,table,box,0.083550673864081,0.10941628380594184,0.5597476494726762,0.3189410551929027
441,compsvo28,table,book,0.005825854675981171,0.0093000331628095,0.29140664362968577,0.044709337802051684
442,compsvo29,box,book,0.005799151540596073,0.009210360109216643,0.2748262988682307,0.038119499869033555
443,compsvo29,box,table,0.005713486585871872,0.009275205893025213,0.29989919172195817,0.006062294938790009
444,compsvo29,book,box,0.10216130566452536,0.1324841950764332,0.6449303529988993,0.3408928827819041
445,compsvo29,book,table,0.08357563966801368,0.09042991356754662,0.4554303595918162,0.0589984208724506
446,compsvo29,table,box,0.0829816782072699,0.10817089785554147,0.5590223830208275,0.3216136619201017
447,compsvo29,table,book,0.005825861616876689,0.009300048974258138,0.2914077664154734,0.044709523215701
448,compsvo34v,jar,book,0.0054033453053516,0.011004557335564623,0.5054768666294136,0.2995807588755789
449,compsvo34v,jar,board,0.0063226603313212785,0.009407815761989569,0.30131043453257866,0.006679490752700237
450,compsvo34v,jar,table,0.07391960571193976,0.08237064815513642,0.39196471431990415,0.05111210960445741
451,compsvo34v,book,jar,0.00576334635495562,0.009378855211115237,0.3039717066406585,0.041823065745964894
452,compsvo34v,book,board,0.0057585648562291075,0.009357006342755762,0.30318691772625045,0.041658171298946056
453,compsvo34v,book,table,0.08723928159893876,0.09225852165516372,0.4428781554739653,0.05580888519369928
454,compsvo34v,board,jar,0.09376479353690208,0.12246287001283293,0.6302362332825863,0.34199904919242646
455,compsvo34v,board,book,0.09352547963369212,0.12182284631411396,0.6037895284673397,0.3377655384650626
456,compsvo34v,board,table,0.08526284446922441,0.09043675280929332,0.44783272993464907,0.057104048924213745
457,compsvo34v,table,jar,0.007419590915456503,0.015267276705638268,0.28179216914207234,0.04533361176763011
458,compsvo34v,table,book,0.00739331000322633,0.015344055275519368,0.28495436783985656,0.04591245520112011
459,compsvo34v,table,board,0.0074405359737839145,0.01518302939873017,0.27877972990710925,0.0444524670713515
460,compsvo67,balloon,box,0.09116278432328473,0.1087600252294472,0.5848165308285367,0.30363183816222095
461,compsvo67,balloon,table,0.10489810468950034,0.13484101234452986,0.6807652345425055,0.36974232981617816
462,compsvo67,box,balloon,0.005764126146102433,0.008956304153925709,0.2650447263438608,0.035974444860033254
463,compsvo67,box,table,0.007060538836546834,0.007576717971080134,0.2357694352291881,0.006288789393436481
464,compsvo67,table,balloon,0.00740178818992946,0.0150980864601039,0.2763652789038876,0.04379613345869757
465,compsvo67,table,box,0.3280143140415214,0.21462609201722196,0.5681546276242888,0.07590129719589633
466,compsvo68,balloon,box,0.09776335737089306,0.1215824899453711,0.6180920662761394,0.3255593097176458
467,compsvo68,balloon,table,0.10444565762885852,0.13470372030241878,0.6813445209043085,0.3699125698111359
468,compsvo68,box,balloon,0.005789345686429096,0.009109559543402713,0.2706215979224616,0.03718486250669485
469,compsvo68,box,table,0.005714012042172392,0.009275746016323208,0.29829781790993937,0.006101813863320843
470,compsvo68,table,balloon,0.007378679377624528,0.01506761041896998,0.27608609358010056,0.04373418639814776
471,compsvo68,table,box,0.08365385772656564,0.10958437945630753,0.5583269584776507,0.3184145828498858
472,compsvo68a,balloon,box,0.1002089804464817,0.12557001306843907,0.6231511000585404,0.3143023864339721
473,compsvo68a,balloon,table,0.08596477178926157,0.11016933851276366,0.5470479530990381,0.30957914376838586
474,compsvo68a,box,balloon,0.006012122027896496,0.009487556355417714,0.2828090770847371,0.04003896866140058
475,compsvo68a,box,table,0.005713949745135144,0.0092755054993518,0.2982798466703869,0.006101757062167384
476,compsvo68a,table,balloon,0.005788503041330305,0.009404729008221232,0.3104768844552919,0.04773201124098472
477,compsvo68a,table,box,0.0836538939032773,0.1095844293962561,0.5583275082907694,0.31841543911710557
478,compsvo69a,balloon,box,0.10232390604390387,0.13223755239479565,0.6424203268578919,0.34537368704858445
479,compsvo69a,balloon,table,0.09209217901868433,0.11878577507043515,0.6029405535564916,0.34290657421346643
480,compsvo69a,box,balloon,0.0057961104854213396,0.00920405786078602,0.2740999344943033,0.037985686473981393
481,compsvo69a,box,table,0.0057178212278616615,0.009282399692527829,0.30061538487236644,0.006046034497543802
482,compsvo69a,table,balloon,0.005782516409124396,0.009403226525768351,0.3104583375928671,0.04756390592001973
483,compsvo69a,table,box,0.08287755994161695,0.10788154370868742,0.5586954796932031,0.3219303498320189
484,compsvo78,box,box (1),0.005722177633496021,0.009235195567333264,0.30039946683372104,0.04100277391441495
485,compsvo78,box,table,0.00573340095559459,0.009287779361956345,0.298857402035505,0.00614070284000419
486,compsvo78,box (1),box,0.00567950961855289,0.009182060183796584,0.29766666558880434,0.005859804046538454
487,compsvo78,box (1),table,0.0068176027414499464,0.008660537220031378,0.2727368472656373,0.007397281126580348
488,compsvo78,table,box,0.08355521201660407,0.10942438905397577,0.5597771034678107,0.3189469650553275
489,compsvo78,table,box (1),0.08589452829927242,0.11331185577574425,0.5989306081536978,0.07126155764644032
490,compsvo79,box,box (1),0.005677007627703975,0.009047251518625244,0.2922006339679573,0.0056650225086509656
491,compsvo79,box,table,0.005707513204258512,0.009242893716750276,0.2980557376080136,0.006041833818325864
492,compsvo79,box (1),box,0.005650493183600658,0.009058975654162565,0.29453752091947505,0.005672210249392732
493,compsvo79,box (1),table,0.0068176932557197185,0.008660732819436303,0.2727521926523161,0.007397284328751043
494,compsvo79,table,box,0.08260918041237165,0.1073921509651716,0.5584144194775911,0.32179346330468006
495,compsvo79,table,box (1),0.08589572332375346,0.1133135667154432,0.5989511850092173,0.07126501697876933
496,compsvo89,box,box (1),0.005239074247629561,0.007743841307184525,0.2438381540923915,0.030317420072887926
497,compsvo89,box,table,0.00573340095559459,0.009287779361956345,0.298857402035505,0.00614070284000419
498,compsvo89,box (1),box,0.005204310260644555,0.007712459642751614,0.24198875858845365,0.029464887115859612
499,compsvo89,box (1),table,0.005672314573481029,0.009168416205679474,0.2979743176636937,0.005995935791708967
500,compsvo89,table,box,0.08355521201660407,0.10942438905397577,0.5597771034678107,0.3189469650553275
501,compsvo89,table,box (1),0.07907206992252908,0.10124363026532578,0.5545127318028018,0.31827711517490764
502,compsvu15,balloon,book,0.10320813671835398,0.13137369163615625,0.7045071101297323,0.3057052682824152
503,compsvu15,balloon,table,0.1037107796225152,0.13212661843040385,0.6745906320025241,0.3664521780372775
504,compsvu15,book,balloon,0.006352696901960096,0.009389734462167423,0.283856204257714,0.03946951111174022
505,compsvu15,book,table,0.08565821218722271,0.09129854768053937,0.433998044812339,0.05511409323153255
506,compsvu15,table,balloon,0.007346454812862962,0.01497452936574862,0.27507791893785943,0.04340035670666432
507,compsvu15,table,book,0.007361204421405025,0.01538728041856367,0.28531291308309875,0.04605994302778433
508,compsvu16,balloon,book,0.09889340600546648,0.12477026322908427,0.6258208282700874,0.3307186687817825
509,compsvu16,balloon,table,0.1037107796225152,0.13212661843040385,0.6745906320025241,0.3664521780372775
510,compsvu16,book,balloon,0.005785941087884516,0.00914308449743029,0.27188869825741946,0.03749171851875777
511,compsvu16,book,table,0.08549299840323167,0.09052727507167764,0.43181073013718185,0.05498892026975417
512,compsvu16,table,balloon,0.0073464547357620985,0.014974529407428053,0.2750779210375108,0.04340035706481961
513,compsvu16,table,book,0.00739861708409197,0.015321186700832587,0.28485568649901005,0.04586100620667916
514,compsvu17,box,box (1),0.005751409154462241,0.009271329181901796,0.2994784149909952,0.04110926483777524
515,compsvu17,box,table,0.007061704055501133,0.007574875744840319,0.2355623150734201,0.006286158507288722
516,compsvu17,box (1),box,0.005748290975461701,0.009273605336185826,0.2999208322698184,0.041057789418648655
517,compsvu17,box (1),table,0.006040262212127891,0.009329827936144564,0.3011761455700629,0.006370291387827509
518,compsvu17,table,box,0.3292071560270283,0.21442149808330466,0.5681365785556897,0.07620440300205208
519,compsvu17,table,box (1),0.08124861253827095,0.105508495363817,0.5757778775930358,0.323126708953009
520,compsvu23,box,pear,0.087994021573497,0.11577471797569786,0.5741613098275431,0.32892346980885623
521,compsvu23,box,table,0.08246038666582,0.08904835956628923,0.4436664605828248,0.05849173735442572
522,compsvu23,box,book,0.006236677208835523,0.00961646402133346,0.29167140150443416,0.04452818298168194
523,compsvu23,pear,box,0.005752805805583396,0.009380176798439551,0.3042326901140333,0.041893496614090434
524,compsvu23,pear,table,0.0855477561303481,0.09017396413344557,0.4423346553921169,0.05559725011489019
525,compsvu23,pear,book,0.005792918879607589,0.009213203159544808,0.2745785268994369,0.03808019660425306
526,compsvu23,table,box,0.007365280773322736,0.01537606203986636,0.28548401439357113,0.04605188035465199
527,compsvu23,table,pear,0.007395404595379452,0.015336967742678018,0.2840040802872061,0.045851935732375095
528,compsvu23,table,book,0.00738693934886838,0.015118669486079315,0.27661155998369025,0.04380626649058235
529,compsvu23,book,box,0.08228933719944506,0.08976516815905028,0.4642241827497424,0.05529118686865511
530,compsvu23,book,pear,0.10246396367540438,0.13360309222341846,0.6445994336162788,0.3404995962970353
531,compsvu23,book,table,0.08723495880517015,0.09170803305191726,0.45446693259368204,0.054779959157625485
532,compsvu25,book (1),cube,0.0059588631999930005,0.009427667482744564,0.3124523399303821,0.00660939135565532
533,compsvu25,book (1),book,0.006669660115552513,0.009083509984786999,0.27926446081107525,0.0075569667085510035
534,compsvu25,book (1),table,0.08705778902299763,0.09231796657779527,0.4649420512747171,0.0604882896163286
535,compsvu25,cube,book (1),0.006236661350741501,0.00998936687191605,0.3662246717570491,0.048537961486062715
536,compsvu25,cube,book,0.008073327423723194,0.007517578713807883,0.2352164200462176,0.00735026395825533
537,compsvu25,cube,table,0.07431499286719839,0.08322863757343292,0.4091759810362664,0.05481644488082754
538,compsvu25,book,book (1),0.006287475694220585,0.010636286364322277,0.4555218559839062,0.058074777179961935
539,compsvu25,book,cube,0.006873829994131432,0.0161416256231973,0.3921175584892258,0.04661478981650916
540,compsvu25,book,table,0.08661383215688044,0.09185338410137266,0.457422743807991,0.06046394245496732
541,compsvu25,table,book (1),0.007357222359506684,0.015399628155211254,0.2856257658386261,0.046076896247259906
542,compsvu25,table,cube,0.007243240102909986,0.01570312344389681,0.2942914936597262,0.04809231046432525
543,compsvu25,table,book,0.0073591590858564674,0.01540214119688752,0.28542381593766736,0.04605696750936325
544,compsvu25a,box,balloon,0.0055932488377191895,0.008582983733503571,0.2565595492369689,0.03441308866294344
545,compsvu25a,box,table,0.005612017327414411,0.00905558644335665,0.2997129184676415,0.04143071810140556
546,compsvu25a,balloon,box,0.07446485665322729,0.08588316755459444,0.5415457503132357,0.2765223637556033
547,compsvu25a,balloon,table,0.10398329794257044,0.1314457781643387,0.6742632577022156,0.36582096523084134
548,compsvu25a,table,box,0.07320872416268581,0.09178073925791894,0.5480062201262232,0.3110272651391588
549,compsvu25a,table,balloon,0.007379569607140305,0.015012410745478212,0.2755466796541989,0.04349808548364485
550,compsvu34,book (1),picture,0.08266186260670781,0.08901783461927039,0.44525072226205775,0.0568060739968012
551,compsvu34,book (1),table,0.08672515650979412,0.0916472815605924,0.4555090119830867,0.05635769460622891
552,compsvu34,picture,book (1),0.007166553911655865,0.01585620009712333,0.30398984159554937,0.04847586818625053
553,compsvu34,picture,table,0.07171767512691606,0.08092218097354797,0.3910287075906543,0.05068090099472275
554,compsvu34,table,book (1),0.007463873090356117,0.015111272878326613,0.27623997094807395,0.043927417300511966
555,compsvu34,table,picture,0.0073745009320598425,0.015374011212230872,0.28667420496211604,0.04601033471495309
556,compsvu53,box,book,0.006172451899457026,0.009550697258273141,0.2858083578010507,0.04188815484957465
557,compsvu53,box,table,0.0070617039469787965,0.007574876468763291,0.2355640633222294,0.0062864605055285485
558,compsvu53,book,box,0.1013259497078776,0.12977416379271178,0.7410962294066268,0.3667548457208466
559,compsvu53,book,table,0.09927064606442584,0.11375219346041633,0.5320670921346196,0.04870251230007112
560,compsvu53,table,box,0.32920716694070545,0.2144215124432733,0.5681366432199566,0.07620442303162066
561,compsvu53,table,book,0.0073855346972430186,0.015365902880787131,0.2853368667070969,0.045973882373164264
562,compsvu56,box,balloon,0.006208747223588072,0.009321240466238305,0.2783726566913363,0.03872876542126667
563,compsvu56,box,table,0.005612017327414411,0.00905558644335665,0.2997129184676415,0.04143071810140556
564,compsvu56,balloon,box,0.09336262989770401,0.11288369920300315,0.6777452899985229,0.329009350950543
565,compsvu56,balloon,table,0.09543933926119674,0.11958415852293228,0.6262899093240206,0.33061336274530395
566,compsvu56,table,box,0.07320872416268581,0.09178073925791894,0.5480062201262232,0.3110272651391588
567,compsvu56,table,balloon,0.00574870965477806,0.009102065447147341,0.2718784340796317,0.037567329646674086
568,compsvu63,box,book,0.005795395092128728,0.009165497692011028,0.2726524485136393,0.03764814337357824
569,compsvu63,box,table,0.007061704058643038,0.007574875747453294,0.2355623153020651,0.006286158558110152
570,compsvu63,book,box,0.10034366733925992,0.12753578595485776,0.6315521338798037,0.3343138555267489
571,compsvu63,book,table,0.08518466219250917,0.09071190223531968,0.4311244934021581,0.05508618471458986
572,compsvu63,table,box,0.32920716867835154,0.214421514729772,0.5681366535162725,0.07620442622085566
573,compsvu63,table,book,0.00738942841783123,0.015354283059972832,0.2852302797075437,0.04594595818207211
574,compsvu67,box,balloon,0.005762239476961652,0.009003346085647878,0.2681300454751039,0.036909956633849834
575,compsvu67,box,table,0.005612017327414411,0.00905558644335665,0.2997129184676415,0.04143071810140556
576,compsvu67,balloon,box,0.09289513758620188,0.1125688498826687,0.6054710650169539,0.31289067766361894
577,compsvu67,balloon,table,0.08523662062995623,0.10177909823006387,0.5885445343678566,0.30584113296067095
578,compsvu67,table,box,0.07320872416268581,0.09178073925791894,0.5480062201262232,0.3110272651391588
579,compsvu67,table,balloon,0.005685411097262413,0.008880148217759827,0.26572345505953643,0.03626497078480311
580,compsvu67a,box,balloon,0.005054264355746196,0.007202674740306976,0.2095725290451121,0.026101880680150867
581,compsvu67a,box,table,0.005612017327414411,0.00905558644335665,0.2997129184676415,0.04143071810140556
582,compsvu67a,balloon,box,0.041654567163400304,0.04510399905904736,0.3726587197299121,0.18274006417158525
583,compsvu67a,balloon,table,0.09759697322997256,0.12388651543362145,0.6333008891946381,0.3348724156439065
584,compsvu67a,table,box,0.07320872416268581,0.09178073925791894,0.5480062201262232,0.3110272651391588
585,compsvu67a,table,balloon,0.00576042561526127,0.009141559040888828,0.2737988966763746,0.038157825106820364
586,compsvul,lamp,pencil,0.08581928584296432,0.11128172314283176,0.59073166044516,0.06660816993070368
587,compsvul,lamp,bowl,0.0055147973734088,0.01152226395151273,0.5577901060407852,0.06919915990336581
588,compsvul,lamp,table,0.08532635269623655,0.09078439978703988,0.4531558449115247,0.05696062165219807
589,compsvul,pencil,lamp,0.008688409389157216,0.007967933476904263,0.2532126725305994,0.010490118480151269
590,compsvul,pencil,bowl,0.005764993867771252,0.009379316961001631,0.30427898510175583,0.006006302583925035
591,compsvul,pencil,table,0.08895221385385264,0.09498812678418704,0.4654349752423684,0.05449669551575722
592,compsvul,bowl,lamp,0.006844797486189355,0.008655062880107178,0.27717843246679996,0.006987767474302265
593,compsvul,bowl,pencil,0.005616316347945641,0.010179393765285255,0.3892202293658083,0.05039905660698957
594,compsvul,bowl,table,0.08639899274886703,0.09115343556835843,0.44854006781975503,0.0570251820230291
595,compsvul,table,lamp,0.007069039148150901,0.015998974247448748,0.3035198979382813,0.04957147214224948
596,compsvul,table,pencil,0.007426342515524728,0.01512371685501695,0.27556131849339965,0.04391746463044317
597,compsvul,table,bowl,0.007377891089255258,0.015380239190356094,0.28461092672994104,0.04596865483991954
598,compsvula,lamp,pencil,0.08595033028017772,0.1116040757636636,0.594716407356509,0.06760741900822541
599,compsvula,lamp,bowl,0.0053329950834996856,0.010840755595926364,0.506428487625501,0.2983728164126927
600,compsvula,lamp,table,0.08534919331064074,0.09081402738471904,0.453482764594257,0.05701899968318875
601,compsvula,pencil,lamp,0.00868582451314084,0.007965494060316318,0.2530006386419474,0.01050158953146992
602,compsvula,pencil,bowl,0.005740993028783565,0.009226370299542102,0.2983698018624755,0.040443286940150334
603,compsvula,pencil,table,0.08626595024618437,0.09123405944888777,0.44862792893275,0.05504580716625734
604,compsvula,bowl,lamp,0.0057371875763922026,0.009252202826185487,0.29956281096474163,0.040838093570777584
605,compsvula,bowl,pencil,0.005591946241016417,0.009971217528196116,0.37943384939031777,0.04821493133824975
606,compsvula,bowl,table,0.08645968221052916,0.09120888083326828,0.4494982234575191,0.057249122161877025
607,compsvula,table,lamp,0.007069036373440872,0.015998977030433056,0.3035199957603761,0.04957149178247889
608,compsvula,table,pencil,0.007426746509469314,0.015123495874648653,0.2755508841609081,0.04391567847311207
609,compsvula,table,bowl,0.00737773662055833,0.015380060811352663,0.28461822746895205,0.045965983889916066
610,compsvinew2,shelf,mug,0.0056246159125333105,0.010603182697989523,0.4288772314848403,0.06276211738675515
611,compsvinew2,shelf,table,0.08604779811714422,0.09071427580330667,0.4514875411567618,0.05720929189192581
612,compsvinew2,shelf,box,0.319405710479587,0.22962382178453955,0.6339949974514174,0.06642340932474056
613,compsvinew2,mug,shelf,0.008448768707749011,0.0076656928923875736,0.21122885898826027,0.007515706307874108
614,compsvinew2,table,shelf,0.007455186504045505,0.0151311670291543,0.2772582216623634,0.04396295176495214
615,compsvinew2,box,shelf,0.00729469675362482,0.007616524114184909,0.2377191128942195,0.006836881816662664
