,scene,figure,ground,Distinct Prototype,Shared Prototype,Baseline Model,KMeans Model,Refined Distinct Model,Median Distinct Model
0,compsva12,box,book,0.02355911663322136,0.01791701934193494,0.37986718772763817,0.025331070554106987,0.02247896178382628,0.02267274593713512
1,compsva12,box,table,0.023210597473641657,0.01837074705308389,0.38869648492214376,0.02599299645023664,0.021674979488448282,0.021861832759900418
2,compsva12,box,pear,0.017943497603650715,0.015016846300545944,0.33456517047047163,0.02270203152991226,0.016273147962638422,0.016413433720937027
3,compsva12,book,box,0.018032787763919863,0.015897120970567686,0.34705427437989106,0.02281804627878946,0.0166342441332853,0.01677764278960672
4,compsva12,book,table,0.024429069852460808,0.019896928287716616,0.4243575823405456,0.0271941711610866,0.02260471039553021,0.022799578588595118
5,compsva12,book,pear,0.01845827363085484,0.016266027097826114,0.3580901820000392,0.02313681576680019,0.01666951812759643,0.01681322087007571
6,compsva12,table,box,0.015870171674983728,0.013606299781558749,0.29927191098738964,0.019618556942993075,0.014881857837264537,0.015010149715171986
7,compsva12,table,book,0.016013803926307166,0.013698836143113171,0.3011975121398302,0.019754753439888903,0.014928740388545556,0.015057436426377843
8,compsva12,table,pear,0.015783344807867004,0.013506585347570738,0.298605079692388,0.01955948327433672,0.014781547591591088,0.014908974726001353
9,compsva12,pear,box,0.022269949160281338,0.021205226152976518,0.4946351122038145,0.03234837405916933,0.018620158988452984,0.018780677600422402
10,compsva12,pear,book,0.024260781486830047,0.020799090825815054,0.4217655149668808,0.0267065078295824,0.023229177946058856,0.0234294294800766
11,compsva12,pear,table,0.022577757720354967,0.017964351665142698,0.3749444576721067,0.025322600513782267,0.02128975156287721,0.021473283903936487
12,compsva13,balloon,book,0.015255480096864312,0.013016473479171209,0.2812446632112134,0.01896004392292507,0.014173858362501597,0.014296046796661093
13,compsva13,balloon,table,0.01694488824312472,0.014514954530768315,0.3051085753423444,0.020515012099346815,0.015606109821921853,0.01574064525142118
14,compsva13,balloon,pear,0.01540769485295129,0.013129332947382524,0.2843609681961139,0.019200830327947886,0.014295623515278187,0.014418861649030583
15,compsva13,book,balloon,0.014579396294657468,0.01282694095023699,0.2799877872882783,0.018761691010130376,0.013752208600769,0.013870762123189419
16,compsva13,book,table,0.023991399167207304,0.0194830982217833,0.4150582753999557,0.026626304128461186,0.022284106101662888,0.022476210464608255
17,compsva13,book,pear,0.016073185854848685,0.013745246822284821,0.3029680805522054,0.0197793345932392,0.015038563356244988,0.01516820614379882
18,compsva13,table,balloon,0.015467332252189122,0.013280185245254823,0.2890022397211049,0.01890034089811021,0.014565039349721157,0.014690600033770474
19,compsva13,table,book,0.016011616426662892,0.01369700501770032,0.3011377273508797,0.019751245362197245,0.01492737338197706,0.015056057635269965
20,compsva13,table,pear,0.015691380313840174,0.013438130061040695,0.29730027940875753,0.01948821521297168,0.014696760858519882,0.014823457072817464
21,compsva13,pear,balloon,0.014647901506603141,0.012880073299649748,0.2813748686522616,0.01886411528964753,0.013809793875890495,0.013928843823096447
22,compsva13,pear,book,0.021994385072925744,0.017638876042732256,0.3623823359015471,0.024475275967505688,0.021110390210197963,0.021292376332699668
23,compsva13,pear,table,0.022996914068642044,0.018367421248132204,0.387361437541585,0.0254811046805434,0.02136080931039544,0.021544954218243675
24,compsva14,box,book,0.01668714279063777,0.014470746564443871,0.316437391042748,0.02105843729297656,0.015607926958045444,0.01574247805251135
25,compsva14,box,table,0.05452539960903341,0.06481140158325066,0.4100275227825677,0.021244675566378424,0.06563815935018158,0.07894300565164686
26,compsva14,book,box,0.024094927653681767,0.01877859546796884,0.4049814933731947,0.026777212081808725,0.022680783131176743,0.02287630712368689
27,compsva14,book,table,0.05457596369700567,0.06470853630720666,0.4254348213562972,0.02185640913515836,0.06534612465841177,0.07950784457738445
28,compsva14,table,box,0.016181224242353208,0.013670262441850434,0.3001891700878497,0.019736987331547568,0.014862022429426676,0.01499014331243897
29,compsva14,table,book,0.0166263977639133,0.013865559084266434,0.3024380939314693,0.02002020168119943,0.015314607759429534,0.01544663024011427
30,compsva15,balloon,book,0.017105945385212925,0.014316840706562453,0.30892310963503256,0.020917385570745014,0.015802913958295948,0.01593914597517781
31,compsva15,balloon,table,0.01670849638886188,0.014356161357712803,0.3021552001771621,0.02034183592937623,0.01539956369458115,0.015532318554017191
32,compsva15,balloon,pear,0.01583459986250093,0.01343615338283864,0.292371290096901,0.01978299935053748,0.014644249401974443,0.014770492931301808
33,compsva15,book,balloon,0.016295457088512034,0.014210055711418269,0.3068758867973995,0.02066171789669275,0.015324287306253029,0.01545639323130693
34,compsva15,book,table,0.023991464669366573,0.0194831496693624,0.4150598403809076,0.026626320532943303,0.02228414037491107,0.02247624503331547
35,compsva15,book,pear,0.016073173538267538,0.013745237245827022,0.3029677634546238,0.019779313052459592,0.015038555946711628,0.015168198670390173
36,compsva15,table,balloon,0.015136383427486497,0.013043071694447524,0.28333122315761244,0.0185348060035324,0.014278033126883876,0.01440111961935701
37,compsva15,table,book,0.016011705658024712,0.013697074471971157,0.3011400166179136,0.019751402176558432,0.014927426632164271,0.015056111344510514
38,compsva15,table,pear,0.015691373728196956,0.01343812491091958,0.29730010763231396,0.01948820349470734,0.014696756899834781,0.014823453080005768
39,compsva15,pear,balloon,0.01505394753365658,0.013191620779970013,0.2896904448907212,0.019463096965013443,0.014149894965997481,0.01427187681915263
40,compsva15,pear,book,0.022037300080200783,0.01766690196318201,0.3631820140549973,0.024530987654267925,0.021139291368190267,0.021321526638605696
41,compsva15,pear,table,0.02299348958578332,0.01837557725052821,0.3876057029866877,0.025397284518714258,0.021350355624204457,0.021534410414068287
42,compsva23,balloon,box,0.01814461405264601,0.015113319284989088,0.3242965600982544,0.02186910997830376,0.016678984254298444,0.016822768601318257
43,compsva23,balloon,book,0.0171025595163685,0.01431454373915027,0.3088778721301593,0.02091460069100477,0.015799944314142,0.015936150730643223
44,compsva23,balloon,table,0.01670847993666157,0.014356151195704063,0.3021549302221038,0.020341816384625958,0.015399549836795113,0.015532304576767485
45,compsva23,box,balloon,0.016920863728685384,0.01461146926511459,0.31647128739985897,0.021149714087262343,0.0158624829635337,0.015999228506322783
46,compsva23,box,book,0.024672806171539885,0.01867138940874313,0.4024185102193334,0.026402305303202003,0.023217396364239917,0.023417546332897155
47,compsva23,box,table,0.023259285091749158,0.01841537997190517,0.39020317071039184,0.02596593237362918,0.02168838046534571,0.02187534926246075
48,compsva23,book,balloon,0.016294997624541344,0.0142094956212277,0.3068607153360352,0.020660873065070945,0.015324219880278428,0.01545632522407393
49,compsva23,book,box,0.018784186423100188,0.01673726464095868,0.3666261452457271,0.02406030710200681,0.0171199027317625,0.017267488100139762
50,compsva23,book,table,0.024687480449254725,0.020155034831106325,0.4307099042877518,0.027403450010798976,0.022771492648715218,0.02296779861982483
51,compsva23,table,balloon,0.015136366120191947,0.01304305691071896,0.28333107277142605,0.018534795471514032,0.014278014277552997,0.014401100607531902
52,compsva23,table,box,0.015859190336339247,0.013598927910148844,0.29908727908154903,0.01960819670768212,0.014872474709029384,0.015000685697900324
53,compsva23,table,book,0.016014280149652168,0.013699362642240424,0.3012078871681029,0.01975582747145176,0.01492903543345039,0.01505773401477324
54,compsva24,picture,bin,0.02122534246347966,0.016442986744325643,0.3368668820811451,0.022245694738041284,0.020762394003316642,0.020941380158517646
55,compsva24,picture,table,0.061350407708378275,0.07828809400057771,0.5618266008505335,0.03034323625436256,0.07541695416146924,0.09407352023186996
56,compsva24,bin,picture,0.01889735507120013,0.01673497233031625,0.37492404932156337,0.02415670217251948,0.01714033248280955,0.01728809396973032
57,compsva24,bin,table,0.05652288040761429,0.06872529742174611,0.4754393630147172,0.024447058760697846,0.06941480287099777,0.08461509714746922
58,compsva24,table,picture,0.01767711235105389,0.0146923483431921,0.3256374275328429,0.021911114105269143,0.016095408973411517,0.01623416249904437
59,compsva24,table,bin,0.01734194109308296,0.01448015789837601,0.317529248413615,0.02099337286371863,0.015846854741315336,0.01598346555805081
60,compsva25,picture,bin,0.02271183160413139,0.01773159609133312,0.3666620455175975,0.024205768595149058,0.0217319559661693,0.021919300414153516
61,compsva25,picture,table,0.02064496041125885,0.019490079524195045,0.4498326744875937,0.029479051676983843,0.017607196949512786,0.017758983130112035
62,compsva25,bin,picture,0.01867266976679474,0.016662517155108768,0.3635156147634955,0.023227349439344527,0.016911290900996464,0.017057077891522294
63,compsva25,bin,table,0.018818007513739025,0.01730303157845534,0.3879601584750119,0.025679966082476472,0.016594091639181158,0.016737144153312025
64,compsva25,table,picture,0.016708277739890642,0.014106512062407034,0.31184776038798745,0.021245510972868555,0.015346193278525724,0.015478488048168185
65,compsva25,table,bin,0.016634236325202542,0.014096095029474485,0.3121605347172837,0.02125556054161175,0.015243979235610728,0.015375392849710815
66,compsva34,balloon,bin,0.017090748932520217,0.014324098050096962,0.3037925661243619,0.020353816409557,0.015843072590250914,0.01597965080223583
67,compsva34,balloon,table,0.017073629266979612,0.014617425015066304,0.3101807258462378,0.020972151871952067,0.015699760471847266,0.015835103234535602
68,compsva34,bin,balloon,0.016263081778808582,0.014203861315183416,0.3030112319412511,0.020218890219466646,0.015315652180290825,0.015447683664603673
69,compsva34,bin,table,0.05655231126061281,0.06734868428477278,0.4517008051526701,0.0229628090731943,0.06900958793134795,0.08346964783497401
70,compsva34,table,balloon,0.015664869156974428,0.013478683094412523,0.29741354026294303,0.019649645327738084,0.01469493614333765,0.014821616627331937
71,compsva34,table,bin,0.018127662716194027,0.015078368548101932,0.3396625154237521,0.02247236510350744,0.01619751811526117,0.016337151892116868
72,compsvi12,pencil,cup,0.037938749205364,0.032430249545090835,0.7195035791899875,0.0437624052470758,0.03149894791278828,0.03177049056720887
73,compsvi12,pencil,table,0.02275118303774926,0.018086142429037024,0.37782753160276544,0.02542449559104215,0.021383669498979626,0.021568011477419102
74,compsvi12,pencil,cube,0.01930779860649374,0.01610312940655113,0.3781400736309528,0.025586444762986226,0.016783491612516188,0.01692817688503788
75,compsvi12,cup,pencil,0.02078875117660936,0.018917746135245658,0.4127886030233822,0.02624225586712126,0.01849839510828878,0.018657864031636096
76,compsvi12,cup,table,0.02307161750045287,0.018339732795876768,0.3840679352931211,0.02572839672653193,0.021711114781141225,0.021898279563737265
77,compsvi12,cup,cube,0.02014368527884159,0.016926202559652985,0.38958607161424025,0.02658920839781588,0.01768625108968494,0.017838718771492568
78,compsvi12,table,pencil,0.015811933722036525,0.013517808532971012,0.2989547690911956,0.019554852065212604,0.014804927183133197,0.01493255586574641
79,compsvi12,table,cup,0.015939664152979656,0.01361781647496664,0.3019387613715214,0.019723352978904502,0.014897810037867516,0.015026239434745682
80,compsvi12,table,cube,0.01587672615999567,0.013568618912752779,0.30076992404033465,0.01966402119314857,0.014846005351093532,0.014973988155844333
81,compsvi12,cube,pencil,0.01821511758302913,0.015788198921493416,0.36532961734232816,0.024678348622850708,0.01625209337177154,0.016392197624976464
82,compsvi12,cube,cup,0.027167360091810217,0.027634945172317973,0.6546544100458247,0.035813745042117616,0.022331020795302088,0.022523529595261587
83,compsvi12,cube,table,0.02388412770430609,0.01913268575950132,0.4054392694744193,0.02635724303330312,0.022252154110981533,0.022443983025731366
84,compsvi13,table,pencil (1),0.01583539479218114,0.013541452499276114,0.29978406290278004,0.01960288441582604,0.014821781995018626,0.014949555977734301
85,compsvi13,table,pencil,0.015977914330689628,0.013643050185815278,0.3008361064828883,0.01970249048248992,0.014883993839849615,0.015012304131572453
86,compsvi13,table,mug,0.016018811181699268,0.013680441708002566,0.3017243519916539,0.01974868262813689,0.01491981072400545,0.015048429781971013
87,compsvi13,pencil (1),table,0.02325084151684827,0.01846369350142726,0.389145812712658,0.02568391080512126,0.021656500958999084,0.021843194932783555
88,compsvi13,pencil (1),pencil,0.019217046687699555,0.016239749962416374,0.3676444422808404,0.025267538578345537,0.017028179349542125,0.017174973999107144
89,compsvi13,pencil (1),mug,0.0365898789393888,0.03717154437999131,0.8379233797302167,0.041157093917276164,0.0913759856515296,0.11781114179532644
90,compsvi13,pencil,table,0.024112054847170862,0.0192249008182056,0.4074748157558739,0.026573391791715768,0.022397129130761518,0.022590207830164633
91,compsvi13,pencil,pencil (1),0.019934728343889586,0.01798117943112986,0.4088823154973993,0.027369152591165454,0.017414864676484215,0.017564992820247007
92,compsvi13,pencil,mug,0.027652463114047444,0.02535992021355713,0.5533970840274326,0.035793998812738176,0.024128668448076124,0.024336674210559534
93,compsvi13,mug,table,0.02366810008270069,0.01891570028152069,0.39935395086779824,0.02636486099398501,0.02213690787520169,0.022327743287918946
94,compsvi13,mug,pencil (1),0.02170300930808033,0.020995502802946903,0.47468730414961,0.0279791191623296,0.018354736512579743,0.07339731427012093
95,compsvi13,mug,pencil,0.018565220405151274,0.015867533084135434,0.3503256822505024,0.023643607613811696,0.016788304908086676,0.016933031674535696
96,compsvi14,bowl,ball,0.020302309267817103,0.018535758234890988,0.41439792013155896,0.025653219967273117,0.017748077812589903,0.01790107848338809
97,compsvi14,bowl,table,0.02379910777977451,0.018893458712492282,0.3990012885843191,0.02643436486807477,0.02220010444969164,0.02239148466046484
98,compsvi14,bowl,pencil,0.017553122826881738,0.015221644068603369,0.33167036191769755,0.02212185680164708,0.016328077283449642,0.016468836570375924
99,compsvi14,ball,bowl,0.07996265106471133,0.10220637055985546,0.7909882574131708,0.03634302954328965,0.10003210240660612,0.12723161235110586
100,compsvi14,ball,table,0.023501363747005226,0.01868795467473524,0.39202219756861184,0.02628776660617075,0.02197161745508693,0.022161027950389402
101,compsvi14,ball,pencil,0.018901099504139263,0.016790400826883163,0.3669471778613813,0.02456907217446884,0.017169177538060326,0.017317187689250498
102,compsvi14,table,bowl,0.01604916885430228,0.01370178551385567,0.3020041159108248,0.019764052939551555,0.014948761941091234,0.015077630578514432
103,compsvi14,table,ball,0.016196637539642792,0.013807726921666777,0.3038632850033816,0.019918513192007416,0.014997615891532218,0.015126905683700599
104,compsvi14,table,pencil,0.015829310920473013,0.01353679130773312,0.2989321907531749,0.01956602239223578,0.01482732063727441,0.014955142366906081
105,compsvi14,pencil,bowl,0.027683428302096497,0.02110397657561557,0.4573351497116078,0.03052573865955356,0.025843670958788617,0.026066461225674728
106,compsvi14,pencil,ball,0.01964573476274628,0.01737491487252588,0.3915384159816686,0.02560059181845996,0.017328368609857994,0.01747775109787401
107,compsvi14,pencil,table,0.02331614647709926,0.01846874035791668,0.38937729962995465,0.025724313374796567,0.021747944541913262,0.021935426822447
108,compsvi14a,bowl,cube,0.017680225024752274,0.015327591859888303,0.3363439855231709,0.02177836238090781,0.01613521925146676,0.016274315969151815
109,compsvi14a,bowl,table,0.023691236147523533,0.018794958225368145,0.39717580827444976,0.026227789883202686,0.022105674179651837,0.022296240336372966
110,compsvi14a,bowl,pear,0.019066735015941538,0.016930954460093278,0.37275336808972603,0.024200620519288608,0.017248226995718367,0.01739691860775042
111,compsvi14a,cube,bowl,0.033673432013944044,0.031622347811624464,0.6866008247865301,0.04137829922341395,0.028148024758692963,0.10739636869566978
112,compsvi14a,cube,table,0.023211463659141524,0.01839944185364889,0.3872451061714992,0.02570449354237508,0.021682204507015215,0.021869120063110172
113,compsvi14a,cube,pear,0.02246246476434309,0.020830931229957144,0.4553152613191275,0.029279090729975563,0.019968218143440016,0.020140357955021393
114,compsvi14a,table,bowl,0.016056143770817998,0.013707069403875257,0.3021120170090554,0.01976774348225397,0.01495509188537264,0.015084015091281022
115,compsvi14a,table,cube,0.015816048600743003,0.013522183838004551,0.29926453126945024,0.01957622165348887,0.014805095309651475,0.014932725441631229
116,compsvi14a,table,pear,0.015843367577775085,0.013545412482426654,0.2996139364691501,0.019594226812245888,0.014832943734686731,0.014960813939296097
117,compsvi14a,pear,bowl,0.03125981481813387,0.023963023665916454,0.5227208055218817,0.03439903673451484,0.02848947437389896,0.02873507329091533
118,compsvi14a,pear,cube,0.02346858523982142,0.01889694727582424,0.4141783129406287,0.028209925274571432,0.02195728200966204,0.022146568923538435
119,compsvi14a,pear,table,0.0232486494940071,0.01842584908884421,0.3880990324900856,0.025700397953258625,0.0216988297019025,0.02188588857864304
120,compsvi15,jar,pencil,0.01642088818182228,0.014103077017349253,0.31379739948129537,0.020927401348562642,0.015325012004867687,0.015457124177323443
121,compsvi15,jar,table,0.02393580625059641,0.019462017563943564,0.41225186586297496,0.02671900168779031,0.02227604455540452,0.02246807942226145
122,compsvi15,jar,box,0.0187679995983986,0.016924114321694,0.3850396302727204,0.025419149580861403,0.016623044505986687,0.016766346613796914
123,compsvi15,jar,pear,0.01574117431201815,0.013742269397425571,0.30081660970086244,0.020324282819680788,0.014536213383126153,0.014661525567463446
124,compsvi15,pencil,jar,0.022671505721629785,0.018916500067469675,0.4199960303879564,0.02667216941625282,0.020089899116147638,0.02026308790163166
125,compsvi15,pencil,table,0.022765700057487463,0.0181444716682216,0.3811190080234967,0.025381337637437933,0.021278277794345383,0.021461711223606978
126,compsvi15,pencil,box,0.021507688201826813,0.021770184170589173,0.5037698605083217,0.03016718706291126,0.01813374045008261,0.01829006579879022
127,compsvi15,pencil,pear,0.01589569834186045,0.013863186105595313,0.3042544265535837,0.02054729471997901,0.014656821075845185,0.014783172981671434
128,compsvi15,table,jar,0.016017232665195783,0.013685168570044362,0.3017597348523281,0.0197672628168934,0.014917616957605363,0.015046217103791617
129,compsvi15,table,pencil,0.015606317906494513,0.013370261665165415,0.2951791206831746,0.01935636702520694,0.01462904377243875,0.014755156218752875
130,compsvi15,table,box,0.016012600257624233,0.01370437718148892,0.30082458827907205,0.019745326114325102,0.014934450909437456,0.015063196175898122
131,compsvi15,table,pear,0.01589265576479985,0.013604505248839749,0.2984505735988908,0.019624886346330164,0.014751949925773762,0.014879121907892503
132,compsvi15,box,jar,0.017400928205659392,0.015048249392280482,0.3391470635882964,0.023051785969672303,0.01568485126479305,0.015820065499834366
133,compsvi15,box,pencil,0.01623174624022905,0.013961088130935141,0.31192497673891445,0.020990200093770388,0.01512121853155389,0.015251573863722456
134,compsvi15,box,table,0.02332408867875069,0.01873337657120548,0.3952091819873697,0.026220510768615025,0.021919055804393548,0.02210801318201763
135,compsvi15,box,pear,0.019338669841613504,0.017353557072343075,0.3785512795895412,0.023953504033765505,0.017210497384206564,0.017358863740966964
136,compsvi15,pear,jar,0.01770573587838774,0.015120671621100463,0.34570331853297265,0.0236565501550786,0.01572524677840159,0.015860809250629188
137,compsvi15,pear,pencil,0.01610256825069025,0.013867575326957284,0.30475637241178377,0.02070494297530475,0.014903334856664516,0.015031811881290932
138,compsvi15,pear,table,0.023035722650743943,0.018386058100899,0.38880425727243856,0.025778954225346186,0.021445823429576374,0.02163070121776238
139,compsvi15,pear,box,0.09845327341011284,0.07450014933962909,0.5841401643318815,0.25,0.10849532785360093,0.11942042255053352
140,compsvi16,table,bowl,0.01606022401735288,0.013708673119843535,0.30219697226160314,0.01976047636634457,0.014958740077600232,0.015087694733441613
141,compsvi16,table,pear,0.016161915238680956,0.01378524691071896,0.303302688355219,0.019871936458942592,0.01497452443769804,0.015103615165609227
142,compsvi16,table,pencil,0.01584217554774358,0.013540796376304709,0.29942847727587313,0.01957335423381872,0.014833255690603613,0.014961128584488123
143,compsvi16,bowl,table,0.023788392820198317,0.01887629929973909,0.3994197909758777,0.026191853453692,0.022157492766797,0.022348505635476284
144,compsvi16,bowl,pear,0.016601003846388827,0.014475457563269897,0.32007466373799953,0.021535561897968528,0.01520740793034656,0.015338506274573685
145,compsvi16,bowl,pencil,0.019379093894837426,0.017338066420308742,0.38201211840953375,0.024858883792696386,0.017390834966149,0.017540755957236486
146,compsvi16,pear,table,0.02369837120734877,0.018892942483677105,0.39724957761733815,0.026556412913752155,0.022136696760782743,0.022327530353548106
147,compsvi16,pear,bowl,0.02013307917680959,0.017326520788794417,0.410267911620917,0.027491502927655814,0.01725519886685825,0.017403950581227717
148,compsvi16,pear,pencil,0.016492982855911196,0.01431760712595811,0.31702811118923524,0.0214454400687796,0.015107865588840422,0.015238105809433872
149,compsvi16,pencil,table,0.023252338610908974,0.01840858045242026,0.3873814210740189,0.025738079738139158,0.021731768688057356,0.021919111521575087
150,compsvi16,pencil,bowl,0.03639032074933535,0.028531576174770312,0.6312460471266423,0.04227328410764141,0.03181418427090688,0.032088444480138825
151,compsvi16,pencil,pear,0.016699640297799925,0.01447974996121725,0.3238224222597742,0.021944090420091177,0.015154736992255637,0.01528538127667163
152,compsvi23,table,box,0.01779860844535511,0.014787263928461684,0.333785562398612,0.02207143995185753,0.015964211079462345,0.016101833588768055
153,compsvi23,table,box (1),0.01696937853040757,0.014201497722251918,0.3099627466778749,0.0204675785471244,0.015552604339006647,0.01568667851434291
154,compsvi23,box,table,0.0714843363600193,0.0941844121060857,0.5936286734951074,0.026471790170016392,0.0958486593641352,0.11584535257554099
155,compsvi23,box,box (1),0.015011806179020247,0.012908911458041204,0.2763375700122441,0.01846504976149532,0.013942108861541787,0.014062299455175767
156,compsvi23,box (1),table,0.054116380470016434,0.06416256888663972,0.4195148710940948,0.02161491268252331,0.06454400118809328,0.07858269491551995
157,compsvi23,box (1),box,0.014653305716097806,0.012885023766151265,0.2786778831240375,0.018509892790963663,0.01367192487777276,0.013789786299132868
158,compsvi24,cup,table,0.0238604194920199,0.01900375951636794,0.40276678816475225,0.02603763390640543,0.022191692370465425,0.02238300006331426
159,compsvi24,cup,cube,0.019619352483868792,0.016581009325720854,0.3798107433616138,0.025895807448182647,0.017293643134475928,0.017442726264945547
160,compsvi24,cup,pencil,0.017284174715252856,0.01505014733618965,0.32592432496026635,0.021781964159971363,0.016121386668132676,0.016260364139409678
161,compsvi24,table,cup,0.01597453088607824,0.01364495929046499,0.3028528497008838,0.01978255680992149,0.014918921430202606,0.01504753282184228
162,compsvi24,table,cube,0.0160091544976536,0.013666339190020456,0.3016317881923957,0.0197405974392911,0.014906190725198644,0.015034692369381389
163,compsvi24,table,pencil,0.015723229571570324,0.013452432417407309,0.2963642275264688,0.019396563222281657,0.014742475307888544,0.014869565612266891
164,compsvi24,cube,cup,0.0266412598421613,0.026186294140945227,0.6303476163536943,0.037442323468065385,0.02171814368612029,0.021905369062724774
165,compsvi24,cube,table,0.024226004800904758,0.01946628422239269,0.4130865794647298,0.0266988852012929,0.02247751932895273,0.022671291047305767
166,compsvi24,cube,pencil,0.01607643132901148,0.01402773260556915,0.3100789062661681,0.02091544946089937,0.014992250292694156,0.01512149382970014
167,compsvi24,pencil,cup,0.024994933081042368,0.019019176079774058,0.41190323625541375,0.026614678040513044,0.023435506313220004,0.023637536540058103
168,compsvi24,pencil,table,0.02301498102825287,0.018270065697000192,0.3838352372242173,0.025448910134003383,0.021506297613135755,0.02169169673049037
169,compsvi24,pencil,cube,0.01781603632629206,0.01483978727269642,0.33684334077234673,0.023016271746623608,0.015987803832375618,0.016125629727482306
170,compsvi24a,pear,cup,0.027351236425678032,0.020985319804648902,0.455736047151543,0.02863816742214725,0.025132874613930555,0.025349537326119605
171,compsvi24a,pear,table,0.023180597334644608,0.01840640142999433,0.3878434206299229,0.025429754609035668,0.021608930853743415,0.021795214740413616
172,compsvi24a,pear,cube,0.017510237307109173,0.014361082005855163,0.3122601837263135,0.020713871413414752,0.016179435260782332,0.016318913150961484
173,compsvi24a,cup,pear,0.020532743552132717,0.01947622584495774,0.43403379160114797,0.027497739337170517,0.018011796445959672,0.018167070553252427
174,compsvi24a,cup,table,0.023860573056010883,0.019003715741908102,0.4027677185126401,0.026037884316152414,0.02219205584852334,0.02238336667480371
175,compsvi24a,cup,cube,0.018077523013853142,0.015267670603422384,0.3386726315692324,0.02279998015733021,0.016408639326863726,0.01655009311416427
176,compsvi24a,table,pear,0.01581952748589452,0.013531470051050869,0.2985829172868269,0.01955427194561396,0.014818840462798669,0.014946589087477966
177,compsvi24a,table,cup,0.016002463937774845,0.0136667022287824,0.30358196378448443,0.019831944470615842,0.014935622397305648,0.015064377762799657
178,compsvi24a,table,cube,0.015819138541749208,0.013523792584126412,0.2993589350379789,0.01957374688049204,0.014808266451389197,0.014935923920797721
179,compsvi24a,cube,pear,0.01909846412322988,0.016780866855213367,0.3847190562577337,0.025373760422560083,0.016870534447947786,0.017015970089740436
180,compsvi24a,cube,cup,0.02641681668490398,0.029345244061974387,0.6919559799155146,0.03383942440364783,0.02158108257926329,0.1195133545131797
181,compsvi24a,cube,table,0.023631746968518386,0.018804140439363008,0.397114416869281,0.02618281162341551,0.022061054870707603,0.0222512363782137
182,compsvi25,jar,pencil,0.016458868327890598,0.01413316883230756,0.3146886039686647,0.020981147348425613,0.015349583749099437,0.015481907746936498
183,compsvi25,jar,table,0.02425411189285501,0.019726819221790856,0.41932312610981776,0.026936370516694508,0.02247412718387004,0.02266786965959305
184,compsvi25,jar,box,0.019121396186453227,0.017270806379361816,0.39591720208909537,0.02612747803423346,0.01682654459462489,0.016971601013544068
185,compsvi25,jar,pencil (1),0.015526520392166513,0.013517838054236493,0.29491236283079275,0.019952232190508262,0.014383985169103403,0.014507985041250842
186,compsvi25,pencil,jar,0.02625036002773246,0.02112751671342843,0.4559670611465995,0.02888067735418225,0.02425364987052165,0.024462733059060625
187,compsvi25,pencil,table,0.022696445655642442,0.01808937505435095,0.3794656198410724,0.025372717143992054,0.021244412464012517,0.021427553950771238
188,compsvi25,pencil,box,0.023876003698812192,0.024516246316110542,0.6154128899725348,0.03559756925492958,0.01919086810787319,0.019356306626044508
189,compsvi25,pencil,pencil (1),0.02031821319563621,0.016199267353940245,0.3530914762354752,0.02381443848812283,0.019082743997549143,0.019247250411321113
190,compsvi25,table,jar,0.016014069301536198,0.013682819001955905,0.30166182638248085,0.019760367456255253,0.014916197019945253,0.015044784925289604
191,compsvi25,table,pencil,0.01560791591130789,0.013371397216589788,0.2952052293342119,0.019357865188470498,0.014630475846390219,0.014756600638169444
192,compsvi25,table,box,0.015844262076547037,0.013578159930725132,0.2990281474519911,0.019604607526775137,0.014852897558543944,0.014980939778876217
193,compsvi25,table,pencil (1),0.015415070422225471,0.013247369195260235,0.2924817138013339,0.019193288739364028,0.014461974493185809,0.014586646687092582
194,compsvi25,box,jar,0.017172884493492288,0.014869057770913954,0.3326419954714295,0.0225720990184176,0.015567905266249097,0.015702111346130553
195,compsvi25,box,pencil,0.016250281726850974,0.013976205229588366,0.3123517834769731,0.021022208184304333,0.015134826644649888,0.015265299288138247
196,compsvi25,box,table,0.023911864412241808,0.01914270440527099,0.4078149207862486,0.026619022253896646,0.022256411198873415,0.02244827681265681
197,compsvi25,box,pencil (1),0.016870640631889273,0.01453529336801229,0.3210101733847197,0.02168212084131979,0.015530989962428304,0.015664877806931994
198,compsvi25,pencil (1),jar,0.01980234955811059,0.01644781567509259,0.35980322021249617,0.0236282412363144,0.018509847117638097,0.01866941476520394
199,compsvi25,pencil (1),pencil,0.01812219643873401,0.015156037089052709,0.3268186001038587,0.022096109894277825,0.0176351494944323,0.01778717664524637
200,compsvi25,pencil (1),table,0.02241551208579098,0.017973303301000873,0.3796332062123993,0.02511765432737125,0.0208975897211796,0.021077741356707008
201,compsvi25,pencil (1),box,0.027504793429158875,0.02417209168852458,0.5355602395517302,0.03392663378014038,0.024342986160543374,0.02455283948951358
202,compsvi26,cup,table,0.02386067284968928,0.019003908749201683,0.4027701548811362,0.026037694097065613,0.022191934940922267,0.02238324472489573
203,compsvi26,cup,cube,0.019596605267511887,0.016570008474602476,0.3789576544842265,0.025850961418034998,0.017283985136660983,0.017432985008528745
204,compsvi26,cup,pencil,0.01627729467810004,0.013827811346757136,0.3029442327872537,0.020581878187173924,0.01497446843649306,0.015103558681635237
205,compsvi26,table,cup,0.0160747516255589,0.013717272509778042,0.3028501619000465,0.01979989461758932,0.014959715126642525,0.015088678188079095
206,compsvi26,table,cube,0.01599906829386593,0.013658630750526734,0.30137516672845194,0.01972501927429909,0.014899805999307309,0.015028252602749613
207,compsvi26,table,pencil,0.01601025798051294,0.013679398391926516,0.3014920467751498,0.019749944046348927,0.014915273194640144,0.015043853135973248
208,compsvi26,cube,cup,0.026674772259687552,0.026019315236199457,0.6234420536925427,0.037998028260205464,0.02181615501751721,0.022004225319392355
209,compsvi26,cube,table,0.02434905723726391,0.019570031912166,0.415325658979148,0.02689637059090229,0.022577633888258744,0.022772268663157524
210,compsvi26,cube,pencil,0.01626781783536371,0.013855998546272359,0.3040142019236458,0.020691807975474024,0.014940967356967044,0.015069768799699517
211,compsvi26,pencil,cup,0.015911505923020357,0.01387007815102252,0.3045305995487,0.02057211225155819,0.014673733290356959,0.014800230991135895
212,compsvi26,pencil,table,0.02301339020778339,0.019394940769104314,0.4106403531695973,0.02516353028271447,0.02132684304943697,0.02151069514469073
213,compsvi26,pencil,cube,0.015742121605131724,0.013738438339604508,0.3003829105131859,0.020284421897542808,0.014542799116094518,0.014668168073991886
214,compsvi26a,lamp,pencil,0.020206330821816425,0.01656491481288009,0.3841867876586818,0.02589461181222688,0.017600271416858226,0.01775199789458976
215,compsvi26a,lamp,bowl,0.017240969751811226,0.014687822269129137,0.3353661513115019,0.022798748981630854,0.015319426035048857,0.015451490052592377
216,compsvi26a,lamp,table,0.02438719927178032,0.01960070038947102,0.4162689510246597,0.02777666134476005,0.022478167925307543,0.022671945235008473
217,compsvi26a,pencil,lamp,0.06433773991298254,0.0876868813170476,0.5836212434758427,0.03188298819152029,0.07934799944142534,0.10023067483594847
218,compsvi26a,pencil,bowl,0.01602156258973605,0.013992464190411686,0.3110997689184049,0.021027344580111795,0.014589325808762352,0.014715095858837889
219,compsvi26a,pencil,table,0.02292442220865697,0.01829604197433948,0.3867648532795265,0.025345260250105268,0.021345010283671213,0.021529018993013203
220,compsvi26a,bowl,lamp,0.015210066689481553,0.013336343218817914,0.2903881554862633,0.01957455846197896,0.014103402816019975,0.014224983874778765
221,compsvi26a,bowl,pencil,0.015503524132081788,0.013442723686883838,0.2925387351061825,0.01981532021425884,0.01435410799894104,0.01447785030927674
222,compsvi26a,bowl,table,0.02337890449110772,0.018569099020849286,0.390472200560771,0.0260499447371196,0.021928377546100084,0.02211741528356646
223,compsvi26a,table,lamp,0.01606607014446667,0.0137616504993499,0.3003276695479361,0.01975185528507192,0.014856026298018047,0.014984095490242341
224,compsvi26a,table,pencil,0.0154981325904458,0.013300206736973436,0.2932290057991856,0.01924194407792752,0.014539308964536387,0.014664647834920322
225,compsvi26a,table,bowl,0.016055470976494256,0.013705884493893991,0.3021059820667619,0.01976223424051731,0.01495474045873947,0.015083660635107911
226,compsvi3,table,pencil,0.015979752110402416,0.013644372467543544,0.30089614039593704,0.019706291971554296,0.014884792038993991,0.01501310921174394
227,compsvi3,table,pear,0.015963323860848713,0.013641159376120164,0.3012250562910778,0.01973079005353027,0.014863825832755454,0.014991962262348172
228,compsvi3,table,mug,0.01601962840438453,0.013680916911052308,0.3017620619065373,0.01975084992740472,0.014919872699024582,0.01504849229125755
229,compsvi3,pencil,table,0.02424365855175975,0.01934120692413775,0.4099070375786317,0.026786923125417327,0.022500979056603945,0.02269495301398846
230,compsvi3,pencil,pear,0.01603693008158142,0.013969472220340364,0.30729265657400384,0.02075577501229026,0.014752200988018173,0.014879375134466603
231,compsvi3,pencil,mug,0.0274421025621209,0.025010728227690914,0.545413197915283,0.03546626114881773,0.024024550037164985,0.024231658227140542
232,compsvi3,pear,table,0.023067530999747368,0.018388823644066483,0.3858641544056589,0.025858001934019385,0.021647908307451863,0.021834528206654033
233,compsvi3,pear,pencil,0.016469471027162428,0.014081958297735737,0.3096786615410189,0.021071291056577728,0.015087678761805225,0.01521774495802768
234,compsvi3,pear,mug,0.01854186974800441,0.016094064508512328,0.3779664693189722,0.025252353630153674,0.01618752993469736,0.0163270776065482
235,compsvi3,mug,table,0.023407997563027687,0.01873602511400911,0.3940732893892291,0.026141285601715386,0.02197797970003856,0.02216744504228027
236,compsvi3,mug,pencil,0.01842101908540444,0.015761745715946955,0.348046289669469,0.023488114313711214,0.01666994908363769,0.016813655541255253
237,compsvi3,mug,pear,0.017132286263278715,0.0148013700663356,0.33198716423426583,0.022461301927835124,0.015490725724513063,0.015624266463517484
238,compsvi34,table,pencil (1),0.015753551448869203,0.013479481155941577,0.2976591960610371,0.019499108235378728,0.014759463010781553,0.014886699760874493
239,compsvi34,table,pencil,0.015982700729735,0.013646798589524998,0.3009595498580556,0.019711077691869486,0.01488681062486176,0.015015145199214012
240,compsvi34,table,mug,0.01601955260026825,0.013680979252793492,0.3017497477022083,0.01975018581822888,0.014920115305195087,0.015048736988860561
241,compsvi34,pencil (1),table,0.023121600180108285,0.018363756193657918,0.386692391708971,0.025548965262426008,0.02156944231752976,0.021755385785784318
242,compsvi34,pencil (1),pencil,0.017149082738522194,0.014351153170849226,0.3153585436613251,0.0214272904434548,0.015743510652555838,0.01587923057197442
243,compsvi34,pencil (1),mug,0.02545923175245008,0.019362848057535176,0.4148405640307938,0.027032353017064185,0.023841855076783443,0.024047388310203987
244,compsvi34,pencil,table,0.0244167363050061,0.019531684774217788,0.4147110471879888,0.02684975345085272,0.022620238753187968,0.022815240811405107
245,compsvi34,pencil,pencil (1),0.0163756194578399,0.014258471100211782,0.3114441857066425,0.02099535289847851,0.015362837952597488,0.015495276210809532
246,compsvi34,pencil,mug,0.027813477617014658,0.0253856278578444,0.5557336222454937,0.03605253186728185,0.02423312128367329,0.02444202750163599
247,compsvi34,mug,table,0.02389430969795604,0.01908500348570858,0.40463121443664585,0.026404521604584463,0.022250687597358126,0.022442503869749143
248,compsvi34,mug,pencil (1),0.01731990921221841,0.014965638993819268,0.32419340184410417,0.021512909699736914,0.016178549446805083,0.016318019700656848
249,compsvi34,mug,pencil,0.01852457465030816,0.015860509706355403,0.3502441889975124,0.02362659046142744,0.016746140442597486,0.016890503722275046
250,compsvi36,table,pencil,0.015979751366758357,0.01364437165661894,0.3008961203871401,0.019706290806870416,0.014884791516551484,0.015013108684797615
251,compsvi36,table,pear,0.0159633083334279,0.013641147134927126,0.3012246546316047,0.019730762778366027,0.01486381653611606,0.014991952885565334
252,compsvi36,table,mug,0.016019515896172346,0.013680828911156715,0.3017591612798428,0.01975065263838729,0.01491980553947593,0.015048424552747273
253,compsvi36,pencil,table,0.02424012603837459,0.01933814464496256,0.409838226687586,0.026782573342243314,0.022498317821358062,0.022692268837059427
254,compsvi36,pencil,pear,0.016036809341116422,0.013969374872072726,0.3072894463072135,0.02075554163947636,0.014752131014578476,0.014879304557807598
255,compsvi36,pencil,mug,0.027441387172550808,0.02500980223840963,0.5453838452148833,0.035464655525420406,0.024024423346586173,0.024231530444401565
256,compsvi36,pear,table,0.02306401872141076,0.01838453675764124,0.38579081862840975,0.0258504827144738,0.02164550842652825,0.021832107637101767
257,compsvi36,pear,pencil,0.016469471027162428,0.014081958297735737,0.3096786615410189,0.021071291056577728,0.015087678761805225,0.01521774495802768
258,compsvi36,pear,mug,0.018531675895251558,0.01608356497940839,0.3776985730207277,0.025234509625194444,0.01618056766556273,0.01632005531785206
259,compsvi36,mug,table,0.023378095885377502,0.018709208076942298,0.3934865819836431,0.026096894582943272,0.0219563576279391,0.022145636573007537
260,compsvi36,mug,pencil,0.01842098266813957,0.015761703427200943,0.3480452579762348,0.0234880500300193,0.016669925397705412,0.016813631651133906
261,compsvi36,mug,pear,0.017128337673791225,0.014797969852751381,0.33189953004777434,0.02245510868039324,0.015487704967006712,0.015621219664998147
262,compsvi45,table,pencil,0.015978700909559995,0.013643695054245288,0.30085667767093194,0.019704054512139205,0.014884428679667704,0.015012742720009664
263,compsvi45,table,cup,0.016264577731794766,0.013861639719594324,0.3047450125233617,0.01994402406224376,0.015064314948644096,0.015194179732684129
264,compsvi45,table,mug,0.016029058888163028,0.013688355104762344,0.3019943584334445,0.01976687428700534,0.01492577552846095,0.015054446007154578
265,compsvi45,pencil,table,0.0244111185358691,0.01952262260789049,0.4144374542431948,0.0268856536128524,0.022621334910871503,0.022816346418723838
266,compsvi45,pencil,cup,0.023981291108537108,0.02411939906308854,0.5959136336864291,0.03638377056119811,0.01922885200796187,0.08571956555385894
267,compsvi45,pencil,mug,0.02759836998369768,0.025201822947443272,0.5500213899921556,0.03571117718801752,0.02411651709882124,0.024324418108293836
268,compsvi45,cup,table,0.024092897480874183,0.01916345067829869,0.40628916132782655,0.02647094635041571,0.02239039877324235,0.022583419452322024
269,compsvi45,cup,pencil,0.019563762689356445,0.016275123277362916,0.3736957449036177,0.025529854164125173,0.0172312153238791,0.017379760283567705
270,compsvi45,cup,mug,0.01955467461048059,0.016707333317249797,0.3826157753978819,0.02621401746568251,0.01718970036515975,0.017337887437273193
271,compsvi45,mug,table,0.023924246392742224,0.019112760959897862,0.4054690718377685,0.026372824397536368,0.02226221499813457,0.02245413064467021
272,compsvi45,mug,pencil,0.02093014798180278,0.01767963499954726,0.41411113887004897,0.028364365771210067,0.01802836326423303,0.018183780188924692
273,compsvi45,mug,cup,0.02255374879246332,0.020590986869684264,0.5048079853155935,0.032381029992830115,0.0186642042680312,0.018825102580686637
274,compsvi46,bowl,ball,0.0167182413024012,0.0145897294435924,0.3221619517363675,0.021685849370481344,0.015304505042512587,0.015436440430810107
275,compsvi46,bowl,table,0.02392378732227179,0.018995020136663387,0.4020498202556697,0.026400380595509254,0.022258904470076443,0.022450791577577095
276,compsvi46,bowl,pencil,0.017633355770683548,0.01531656346464136,0.3336971942567419,0.02223721603809434,0.016384966942130083,0.016526216657148447
277,compsvi46,ball,bowl,0.02122338218955261,0.01820170776747829,0.4165986405717457,0.027941735318586843,0.01860246806301659,0.01876283416700811
278,compsvi46,ball,table,0.023646418062855917,0.01878980195075029,0.3950591022463119,0.026397357301939286,0.022053936844021797,0.022244056989228874
279,compsvi46,ball,pencil,0.017626939396077852,0.01485014646235827,0.3135197437523537,0.021190478570330275,0.017190135624358203,0.017338326448706115
280,compsvi46,table,bowl,0.016046410279900256,0.01369964684458342,0.3019333023135887,0.01975922193373217,0.014947118348487928,0.015075972817009373
281,compsvi46,table,ball,0.01615272607314501,0.013774122365552288,0.302775497030056,0.01984720833140992,0.014970484477396176,0.01509954037806338
282,compsvi46,table,pencil,0.015830170774863362,0.013537459584797141,0.2989524723311265,0.019567166921332483,0.014827999884811503,0.014955827470025395
283,compsvi46,pencil,bowl,0.029037897195733776,0.02211694523469588,0.4834567182705836,0.03135771664415727,0.026777489798188336,0.02700833022748306
284,compsvi46,pencil,ball,0.01598868247967079,0.01392842696147862,0.3058425635762655,0.020644499093172168,0.014727304997793553,0.014854264523636597
285,compsvi46,pencil,table,0.02315271673404616,0.01833681048712853,0.3854291868021928,0.02576080804884771,0.021668797411717386,0.021855597389404596
286,compsvinew1,plate,table,0.0241043945144061,0.019233996422870152,0.4094087284870812,0.02679191804814341,0.022444221920054217,0.022637706591778824
287,compsvinew1,plate,cube,0.01667173348805533,0.01420759652613335,0.3116980117460505,0.02039564854963956,0.015378776981899137,0.015511352645536195
288,compsvinew1,plate,pencil,0.019115775346832783,0.01615368134557353,0.3552889401307123,0.0240114986299288,0.017361015742259067,0.01751067967107164
289,compsvinew1,table,plate,0.016111923711701878,0.013776173007684573,0.3024338343018625,0.019822030956293462,0.015021997065595719,0.015151497040299127
290,compsvinew1,table,cube,0.015742220120768702,0.013474939973599977,0.2983012759461481,0.0195384606506548,0.01473947382582509,0.014866538255358065
291,compsvinew1,table,pencil,0.01560288014544292,0.01337967999455387,0.29353367476008396,0.0192789329502578,0.014574150712854584,0.01469978994313781
292,compsvinew1,cube,plate,0.027270019403345447,0.02327761256232648,0.4964071155686048,0.031177429456197708,0.024607271831409767,0.024819403485128816
293,compsvinew1,cube,table,0.022626370040041883,0.018016004585364318,0.37675692924657744,0.02537473181190321,0.021287185350185173,0.02147069556872125
294,compsvinew1,cube,pencil,0.016508184542467996,0.014130886088717381,0.3111098433760621,0.021177491328424874,0.015108086088874125,0.015238328210329933
295,compsvinew1,pencil,plate,0.022836120928152258,0.022948112199837608,0.5492832357676559,0.0334666616138708,0.018905358285461724,0.019068335512060528
296,compsvinew1,pencil,table,0.024019994689408682,0.02056471708950481,0.4385359104467595,0.026480375115668482,0.02195574534670105,0.022145019013482953
297,compsvinew1,pencil,cube,0.015706919570495338,0.013710572434515095,0.30302951218998064,0.02044341593236032,0.014586910928094403,0.014712660160233149
298,compsvinew2,mug,table,0.022457882499035672,0.01799100284832663,0.37683392869613175,0.0246447185764506,0.020962997408750732,0.021143712903653748
299,compsvinew2,mug,box,0.016750968908986287,0.014102463501450398,0.31292566881032396,0.02129091964531193,0.015281153838813672,0.01541288792363103
300,compsvinew2,table,mug,0.015575848676969088,0.013350078049011414,0.2940731867727672,0.01925971190478867,0.014585093251809646,0.014710826814325246
301,compsvinew2,table,box,0.016115534159258756,0.013758920562673985,0.3026872670834884,0.019850742139312483,0.014934473286585988,0.015063218745953106
302,compsvinew2,box,mug,0.01759328119349331,0.01527535810818913,0.3609530264596955,0.023942677381365227,0.015685631220835782,0.01582085217963609
303,compsvinew2,box,table,0.02387643601791814,0.019223128193097967,0.40694353217583945,0.026708818021086784,0.022248109580352917,0.022439903628459407
304,compsvo12,box,book (1),0.016524681182303408,0.014147237691565069,0.30101442980783233,0.02008369534602737,0.01593017079472989,0.016067499853305148
305,compsvo12,box,book,0.013787689984714031,0.012054063562082046,0.24645880197745795,0.01604087971333126,0.013584938892311677,0.013702050434486777
306,compsvo12,box,table,0.06445529366097655,0.08681813980968384,0.5906934415907664,0.026554009683717773,0.08760979226083405,0.10496431417960836
307,compsvo12,book (1),box,0.014933081958680072,0.012769655840032984,0.2737684056424097,0.018357494476864685,0.013925408265316255,0.014045454888293117
308,compsvo12,book (1),book,0.01558156858757126,0.01362130099000862,0.2976377563175437,0.0201074537528126,0.01441383022405921,0.014538087381163163
309,compsvo12,book (1),table,0.023453039114496626,0.01900137264021984,0.4012437692111533,0.02608617213659641,0.022012939383578255,0.022202706102402204
310,compsvo12,book,box,0.01293600009237324,0.011249866295483977,0.23402665849045504,0.015330470368043997,0.012294745173417892,0.012400734355947355
311,compsvo12,book,book (1),0.015624857823198569,0.01364612343114245,0.2982809716649447,0.02016465141400833,0.014445755072265715,0.01457028744357835
312,compsvo12,book,table,0.02284238844430989,0.01831128054239809,0.39280787620625535,0.02594964031287933,0.021444698362315117,0.02162956645164542
313,compsvo12,table,box,0.017610763244327185,0.01475781995617667,0.32293807903567834,0.021206996548680846,0.01604782804679719,0.0161861713920282
314,compsvo12,table,book (1),0.01612166092490222,0.013778684735698179,0.3026212711393336,0.019827562578103898,0.015028711703469063,0.015158269562981727
315,compsvo12,table,book,0.01595661025417489,0.013795698861187608,0.30815321367857873,0.02062770774449613,0.01483825147087254,0.014966167431828336
316,compsvo12v,board,book,0.016849939722478263,0.014550552733051954,0.3206620547402844,0.02084522532431592,0.015739386990479488,0.015875071361087068
317,compsvo12v,board,table,0.023742798604578702,0.01884247047607476,0.4005756144600341,0.026183049165872045,0.02207511882099416,0.022265421569451
318,compsvo12v,board,clock,0.017626774850783216,0.015185113691935741,0.3431794233252609,0.022198120297544487,0.015940579645994192,0.016077998436045862
319,compsvo12v,book,board,0.025029196924140025,0.019398723523451088,0.41365614791602395,0.027556576019804102,0.02342465147691606,0.023626588127579125
320,compsvo12v,book,table,0.019300837003410697,0.015946441368326895,0.3240738574942758,0.0206858096410328,0.01828094178704771,0.018438536112798116
321,compsvo12v,book,clock,0.01707004715871582,0.014366237557819544,0.3220916686900391,0.021914401985882657,0.015441432168787309,0.015574547963345816
322,compsvo12v,table,board,0.01593077818750211,0.013645583591759413,0.30006141633019257,0.019674435437142257,0.014916192442170028,0.015044780308050803
323,compsvo12v,table,book,0.013900482829323836,0.01206472690627294,0.25657252042120565,0.016537539078007337,0.01325372849978866,0.013367984779959251
324,compsvo12v,table,clock,0.014194441100449231,0.012293702589019613,0.2643461572820023,0.017132774953291442,0.013473070175634242,0.013589217332320743
325,compsvo12v,clock,board,0.08835994799969397,0.08250094608294373,0.5906830127309742,0.18713694668356198,0.1011328739867323,0.12036371481103361
326,compsvo12v,clock,book,0.015736170544869452,0.013739124157634642,0.3069252428127571,0.02067946918548506,0.014638989728635034,0.014765187915950852
327,compsvo12v,clock,table,0.02002046966419281,0.01645282641838767,0.33780607517474665,0.021703985313857317,0.01886877078952575,0.01903143260667683
328,compsvo13v,jar,board,0.01805743509654977,0.016222208219896186,0.3611893165893997,0.02400099980417431,0.016213711015805,0.0163534843866309
329,compsvo13v,jar,book,0.015141245729728737,0.013274473272950484,0.28676605507021674,0.01911469944298708,0.014264897648386338,0.014387870903975872
330,compsvo13v,jar,table,0.02419729708572318,0.019728976649362,0.4194298743548939,0.02677311759062564,0.02239797452880734,0.02259106051612464
331,compsvo13v,board,jar,0.01707880788730336,0.014399275720185503,0.32001282780021434,0.02172740971263625,0.015579006598905631,0.015713308379930676
332,compsvo13v,board,book,0.016883843069665658,0.014577228801026194,0.32154460674662994,0.0209054131516751,0.015759822981562775,0.015895683524507282
333,compsvo13v,board,table,0.0237453007363499,0.01884052694055844,0.4005165800891396,0.026213570596308102,0.022079633193319428,0.022269974858779074
334,compsvo13v,book,jar,0.01584549074139024,0.013411516566754964,0.28929334969726217,0.019407966469854515,0.014668070274992713,0.014794519156673682
335,compsvo13v,book,board,0.02499804598454321,0.01937576352574416,0.4129563697143289,0.02756025536776048,0.02340893613300017,0.02361073730656052
336,compsvo13v,book,table,0.01922540362111993,0.015864556451456003,0.3217667420638108,0.020772929428764905,0.01825334987302833,0.01841070633745099
337,compsvo13v,table,jar,0.01595776023686776,0.013637391704827244,0.30114996190916643,0.019715394668391176,0.014879603405750673,0.015007875848903694
338,compsvo13v,table,board,0.01592821478498361,0.013643582121794976,0.2999954229155797,0.019669921904308708,0.014914649597309171,0.015043224162803216
339,compsvo13v,table,book,0.013900733604329836,0.012064930518780732,0.25657887106423705,0.016537946486298454,0.0132538825719149,0.013368140180293475
340,compsvo14,book (1),book,0.02281544095490504,0.017770594417596125,0.3661533788288243,0.02447706412618049,0.022147811960991682,0.022338741374448502
341,compsvo14,book (1),table,0.02319695824783104,0.01837792570631399,0.3884414706851689,0.025918914033218058,0.021655688692921747,0.02184237566441245
342,compsvo14,book,book (1),0.018022300156002462,0.01579680555848879,0.3445000674328189,0.02258862122580417,0.016657835289082698,0.016801437317436857
343,compsvo14,book,table,0.024073850355960786,0.019596116747671862,0.4166300511694089,0.02686884564544094,0.022374635950628143,0.022567520743305966
344,compsvo14,table,book (1),0.0158431945190742,0.013575973567981486,0.2991218319785349,0.01960534209454125,0.014850426666630685,0.014978447586170602
345,compsvo14,table,book,0.016000819048854826,0.01368892355895435,0.30091759868041623,0.01974230766163661,0.014918230743960797,0.015046836181408731
346,compsvo14a,box,book,0.017890574340027606,0.015475944472873303,0.3477370148759148,0.023425952277885742,0.01629255621510977,0.016433009285929678
347,compsvo14a,box,table,0.02355105426798871,0.018751158642326,0.3975495437709497,0.026459092936630003,0.02196358143992301,0.022152922659232684
348,compsvo14a,book,box,0.022354122591353345,0.017620221009276966,0.3729987161297783,0.02514795294302825,0.0215014840236423,0.021686841644535767
349,compsvo14a,book,table,0.0221692972332416,0.017685618506429922,0.3679595525001394,0.02488964908894753,0.0209425744189184,0.021123113853564246
350,compsvo14a,table,box,0.01598492814936104,0.013686171915238007,0.3006506830437283,0.019725100200665632,0.01490767841811696,0.015036192887238654
351,compsvo14a,table,book,0.0156342295437566,0.013408294474127405,0.2936878521824431,0.01925590605274172,0.014687028130462687,0.014813640441932192
352,compsvo14v,jar,board,0.01574914195031061,0.013748154358856816,0.30129119312598085,0.020360505143080108,0.014553206195482397,0.01467866486958138
353,compsvo14v,jar,book,0.01420719449200084,0.012521063633253943,0.2703331799365788,0.017981557736181163,0.013460885288436976,0.013576927402992465
354,compsvo14v,jar,table,0.024326754058462737,0.01981844370542709,0.4214451402587262,0.02661894385633604,0.022500754867200413,0.022694726891917653
355,compsvo14v,board,jar,0.01725888748241107,0.014567747468773647,0.3291631321234605,0.022491487183246832,0.015495862691041263,0.015629447714239894
356,compsvo14v,board,book,0.01687833122365826,0.014572892391387069,0.3214010399485305,0.020895624922902995,0.01575650276881812,0.015892334689238962
357,compsvo14v,board,table,0.02374246509081353,0.018842626036749674,0.40058033978712176,0.026179796319847886,0.022074604091312976,0.02226490240244498
358,compsvo14v,book,jar,0.01585899036738674,0.013492489640095098,0.2967460608889795,0.019884300319632592,0.014458956316386487,0.014583602491527748
359,compsvo14v,book,board,0.02500482649301411,0.019380683391501504,0.4131062604885019,0.02756011902708276,0.023412433642768737,0.02361426496727536
360,compsvo14v,book,table,0.018877592869503114,0.015586928398775946,0.314000481594138,0.02051841276236877,0.01805219275784385,0.018207815109204575
361,compsvo14v,table,jar,0.016115390540266113,0.013751259032373005,0.3045806205752704,0.019917929873932,0.014988081324687385,0.015117288922313997
362,compsvo14v,table,board,0.015928774019194816,0.013644018767196174,0.3000098194593361,0.019670906562019298,0.014914986202172171,0.015043563669432276
363,compsvo14v,table,book,0.013900966317750495,0.012065119466505429,0.25658476438887706,0.016538324551671278,0.013254025545405484,0.01336828438631415
364,compsvo16,balloon,book,0.014897494215057075,0.012751865904073656,0.2742766479105223,0.018425634801828614,0.013882901790632871,0.014002581978483152
365,compsvo16,balloon,table,0.017095207043328144,0.01463761616989855,0.30912045744281685,0.0208560189019439,0.015713598015967417,0.015849060067829202
366,compsvo16,book,balloon,0.014270116908278804,0.012584721377335913,0.27354218190070584,0.018275422789926755,0.013493444481005291,0.013609767278255337
367,compsvo16,book,table,0.024089009496538458,0.019489207528393376,0.41521513024560497,0.026647340976009896,0.02239572671683953,0.022588793326467457
368,compsvo16,table,balloon,0.015587751836473663,0.013381086161855084,0.292540548514,0.019184147552233997,0.014653701159871416,0.014780026169870307
369,compsvo16,table,book,0.016098983365963482,0.013762670885412212,0.3022394991639715,0.0198136438682471,0.015008972866005341,0.015138360563126074
370,compsvo16a,balloon,book,0.015044767745002246,0.013088691824821952,0.2909496686046979,0.01875353251457629,0.01357454733298946,0.013691569292756608
371,compsvo16a,balloon,table,0.020675520068910703,0.017756403208679626,0.4133602861435842,0.027106727514003844,0.017696492497735097,0.017849048467543156
372,compsvo16a,book,balloon,0.013226516606158001,0.011758228349510288,0.24809585005642826,0.016326414235017857,0.012499206986212446,0.012606958770576344
373,compsvo16a,book,table,0.02409289055490473,0.019492243563751257,0.4153074990946376,0.02664816437384512,0.022397751057829648,0.022590835118673006
374,compsvo16a,table,balloon,0.01628850215125139,0.014077677703411888,0.31224689266762834,0.02101391735685031,0.015000895223875828,0.015130213286150617
375,compsvo16a,table,book,0.01609903789033144,0.013762713242294123,0.3022408922201109,0.01981373927614662,0.01500900542706784,0.015138393404887387
376,compsvo17,box,book,0.01594055057923187,0.013919870625569698,0.3006871354690758,0.02014844583284317,0.015008822117326045,0.015138208514889196
377,compsvo17,box,table,0.05411890061035363,0.06415795540188783,0.4188784713205354,0.02158292604934685,0.06455533341515099,0.07856577995264344
378,compsvo17,book,box,0.016799573932447687,0.01418526952773071,0.30307336147552044,0.02045712886443496,0.015556881515290498,0.0156909925628361
379,compsvo17,book,table,0.022989201642138912,0.019044550446631014,0.4074641107921285,0.026425687221469096,0.020923851314253075,0.02110422934282422
380,compsvo17,table,box,0.01686269830970914,0.01412657955373225,0.3080134255233229,0.02034046975791859,0.015466105062350969,0.015599433554267787
381,compsvo17,table,book,0.016099060338489967,0.013762696728292192,0.3022421993139827,0.019813810139411824,0.015008994649894391,0.01513838253480727
382,compsvo18,box,book,0.014877315502496885,0.013045026310164009,0.28373106310433005,0.019017886506723945,0.014071879895766885,0.014193189205213147
383,compsvo18,box,table,0.01742198341646561,0.01521998872106464,0.3559120735735873,0.023850828005570063,0.015349987544653224,0.015482315023486438
384,compsvo18,book,box,0.015091861446009571,0.012900262905895698,0.2787203944741039,0.018776077782772283,0.01403173955273096,0.014152702824737259
385,compsvo18,book,table,0.024114095518176292,0.01951656998722441,0.4157568195676859,0.02669506593864216,0.022412734479090403,0.02260594770735842
386,compsvo18,table,box,0.015818994855566076,0.013551152967024213,0.2984985577933563,0.020223158981678282,0.014562918446485109,0.014688460846885838
387,compsvo18,table,book,0.016100527681598118,0.01376384661298554,0.3022800960708488,0.019816406580561025,0.01500986348620101,0.015139258861082052
388,compsvo19,box,book,0.011985046978437051,0.010766232725763578,0.2281772327185833,0.014677214558167725,0.011453386685401792,0.011552122777517323
389,compsvo19,box,table,0.016856943305231242,0.014741168793533047,0.3431246797882731,0.02300841474554457,0.014935072750199684,0.015063823377356575
390,compsvo19,book,box,0.011938133497751243,0.01047139183536235,0.2158720770500432,0.013998797956194716,0.011445132825059205,0.011543797763206264
391,compsvo19,book,table,0.024111249697363384,0.019514341973518257,0.41568906475586986,0.026694467441011692,0.022411251310999504,0.022604451753335704
392,compsvo19,table,box,0.015440783633667287,0.01326422435775737,0.2914243615325981,0.019757727528340718,0.01424929998532144,0.014372138778298345
393,compsvo19,table,book,0.016101603891025766,0.01376467711568536,0.302306742358143,0.019818231715655842,0.015010533789970516,0.015139934943332328
394,compsvo23v,jar,board,0.017994861829906974,0.016169309902260516,0.3594133553240462,0.02387108742560531,0.01617885230792995,0.01631832517265348
395,compsvo23v,jar,table,0.024189870200660882,0.019720361343394024,0.41916931823352455,0.026791861665530846,0.022396294573434512,0.022589366078377908
396,compsvo23v,jar,clock,0.01608887693334968,0.014084831220462606,0.3220129630339109,0.02138153559227047,0.014615167573829418,0.01474116039774174
397,compsvo23v,board,jar,0.0172624349087421,0.01453732652869931,0.32467079072402755,0.02207152301999305,0.015683683227002334,0.01581888739275235
398,compsvo23v,board,table,0.02374246509081353,0.018842626036749674,0.40058033978712176,0.026179796319847886,0.022074604091312976,0.02226490240244498
399,compsvo23v,board,clock,0.01832252851358546,0.015729861032113983,0.3624185080698891,0.023457622865853414,0.016324199946885755,0.016464925808496837
400,compsvo23v,table,jar,0.015957960403531018,0.013637547305051805,0.3011551327014516,0.01971574735648348,0.014879722840198268,0.015007996312958597
401,compsvo23v,table,board,0.01593451301149839,0.013648499630916695,0.30015758078155874,0.01968101195160496,0.014918439989989232,0.015047047231282239
402,compsvo23v,table,clock,0.014193182111213813,0.012292686111312972,0.2643138600515005,0.017130672284270402,0.013472301830244908,0.01358844236326426
403,compsvo23v,clock,jar,0.016514728449974876,0.01399043350250305,0.3125583308140373,0.02102232655723604,0.01488977412208719,0.01501813424382932
404,compsvo23v,clock,board,0.08879929589478427,0.08265285870098818,0.5926738838713929,0.1877187082749289,0.10182906930170876,0.12084309645434675
405,compsvo23v,clock,table,0.02001099328306973,0.01645580749950475,0.3378101071426992,0.02170437349857225,0.018848204100581425,0.01901068861868988
406,compsvo24,pear,book,0.02414062672745854,0.019070697861606763,0.4040266751916484,0.0267464810230007,0.02247396403078435,0.022667705100015246
407,compsvo24,pear,table,0.022331305510763483,0.018042096847635268,0.3816083101811709,0.024990007000563003,0.02065739226082613,0.020835473228591875
408,compsvo24,book,pear,0.016167772790613537,0.013821647132124923,0.30416297595521397,0.019870121520971642,0.01508567026015246,0.015215719141705497
409,compsvo24,book,table,0.023031817170925745,0.01846380471999732,0.3959031740096521,0.026003806314760087,0.0215832310814723,0.02176929341838154
410,compsvo24,table,pear,0.01544788409174371,0.013269662007963751,0.29392728209046665,0.019272985454071096,0.014478346555897944,0.014603159888276374
411,compsvo24,table,book,0.0159878729090488,0.013806336075339857,0.3081697051113435,0.02059521623321902,0.014867862351245759,0.014996033578411668
412,compsvo24v,jar,board,0.01575329449171961,0.013752172933820086,0.3014761360522781,0.02037472267425551,0.014554112650614374,0.01467957913898174
413,compsvo24v,jar,table,0.02430840481492532,0.019810515826262514,0.4212980114464657,0.02662323914767956,0.022482750090251226,0.02267656690137407
414,compsvo24v,jar,clock,0.014118730812574603,0.012456606037771337,0.2690257896090543,0.017895842937214832,0.013377387668100656,0.013492709975584279
415,compsvo24v,board,jar,0.016219260259206628,0.013772490192593122,0.3023806527999452,0.02055898077975561,0.014908591333023847,0.015037113672101638
416,compsvo24v,board,table,0.02356356749570244,0.018675631273144533,0.395525752587504,0.02639624287448948,0.022008216748512586,0.022197942754965276
417,compsvo24v,board,clock,0.017340483397766632,0.014960656575529653,0.33545838309756026,0.02168091820499205,0.01577846740063258,0.015914488671327685
418,compsvo24v,table,jar,0.01600560328267046,0.013667764417817774,0.3018528732215154,0.019742989866853737,0.014919951869415268,0.015048572144151605
419,compsvo24v,table,board,0.015929681713212334,0.013644727483652329,0.3000331872738176,0.01967250478387536,0.014915532526586716,0.015044114703540048
420,compsvo24v,table,clock,0.014192300354483997,0.012291974201626298,0.26429124134333964,0.017129199645614452,0.013471763674022976,0.013587899567764551
421,compsvo24v,clock,jar,0.015893153958153206,0.013533208802234726,0.2990661224413362,0.020023711623044088,0.014440034865588309,0.014564517924774414
422,compsvo24v,clock,board,0.08881111703960144,0.08265621781450243,0.592717975295948,0.1877270767472919,0.10184777628598116,0.12085461695498612
423,compsvo24v,clock,table,0.020023082899590646,0.016447477185884084,0.3376526299086748,0.021755515071583385,0.018875640253713074,0.019038361290383013
424,compsvo26,balloon,book,0.012615340274607206,0.011003509182906098,0.2286142278080314,0.014937779656286813,0.012018170395306987,0.01212177531250791
425,compsvo26,balloon,table,0.017095207043328144,0.01463761616989855,0.30912045744281685,0.0208560189019439,0.015713598015967417,0.015849060067829202
426,compsvo26,book,balloon,0.012176737499270994,0.01089531137537833,0.2286549354261253,0.014882381334044603,0.01174400909013032,0.011845250547803853
427,compsvo26,book,table,0.022869504043583257,0.01835973249833249,0.39296884735103815,0.025967658366969057,0.021510547762386718,0.021695983518959013
428,compsvo26,table,balloon,0.01558775332775257,0.013381087334145,0.2925405867819572,0.019184150155635325,0.014653702062497059,0.014780027080277206
429,compsvo26,table,book,0.01603175301693839,0.013858491148764052,0.3094091253631531,0.02066965584056848,0.014906123517460363,0.015034624582266055
430,compsvo27,box,book,0.013981351933736213,0.012374249270190816,0.2711304626282709,0.0181219397350494,0.013213740427456058,0.01332765198286516
431,compsvo27,box,table,0.05412443522484946,0.06416444632732697,0.4189695246371471,0.021584089226985674,0.06457253520883299,0.07858449894821871
432,compsvo27,book,box,0.014630927083610966,0.012571940040221021,0.27288868687774803,0.018351060814368568,0.013623442055451148,0.013740885521446415
433,compsvo27,book,table,0.02316863082020816,0.018507578786589905,0.39728358303503897,0.026136711911198263,0.021729537844887303,0.0219168614469984
434,compsvo27,table,box,0.016859958827687958,0.014124436958196587,0.30797935785620945,0.020339624655035585,0.01546475832884961,0.01559807521099486
435,compsvo27,table,book,0.01609603314044766,0.013903062348982252,0.3103076737189611,0.020768453195578924,0.014962768274792653,0.015091757656471897
436,compsvo28,box,book,0.01659019202670633,0.014365171433481157,0.3126613336275504,0.02112815851113215,0.015614881518624609,0.015749492566198956
437,compsvo28,box,table,0.017390453949843118,0.015191909848973397,0.3549170149909621,0.023803289047303045,0.015333229256974659,0.015465412267810645
438,compsvo28,book,box,0.01687528025097101,0.014176896294662003,0.30749882821729163,0.020887819926814887,0.015575055931107097,0.01570932365465112
439,compsvo28,book,table,0.02275326539189253,0.01823813184133611,0.3904394441872028,0.02602553075945756,0.021415095514419044,0.021599708406784723
440,compsvo28,table,box,0.01581263288034357,0.013546363857306674,0.2983616762148264,0.02021353888664251,0.014558427912023353,0.014683931600920103
441,compsvo28,table,book,0.01597154957479155,0.01381469444877616,0.3084429086486643,0.0206673431061013,0.01485315307575274,0.014981197498819572
442,compsvo29,box,book,0.01588532807237857,0.01387279657601075,0.3129132534692717,0.021135655262368047,0.014651843531404385,0.014778152527364764
443,compsvo29,box,table,0.016703449126849755,0.01461078696542903,0.3386421703317053,0.022772852553882426,0.014849462152805703,0.014977474757571269
444,compsvo29,book,box,0.015910651323784074,0.013494007940722804,0.294496983019105,0.0199634910306198,0.0146974807280718,0.014824183148141382
445,compsvo29,book,table,0.022880981150425472,0.018331164826016003,0.3933203445734354,0.02611284161734097,0.02148840018011656,0.02167364500925549
446,compsvo29,table,box,0.01542357270446764,0.013252082235871295,0.29122283482490513,0.01973938312493032,0.014234770950924819,0.014357484493605206
447,compsvo29,table,book,0.015972377884884238,0.013815352793216176,0.3084652297866183,0.020668951667196768,0.014853644641946722,0.014981693302653159
448,compsvo34v,jar,book,0.01650318128452768,0.01409625174793437,0.3118402200577894,0.02128010225746153,0.01504722865137706,0.015176946139751
449,compsvo34v,jar,board,0.01799213084530919,0.016167003465534603,0.3593363498842177,0.02386545377167111,0.016177317971861626,0.01631677760955009
450,compsvo34v,jar,table,0.024194844759468443,0.019726023983141085,0.4193405652917074,0.02678010758250122,0.022397505260426963,0.022590587202327192
451,compsvo34v,book,jar,0.015747659610097428,0.013751775977282582,0.30151985059611125,0.0203822585075126,0.014524579717947081,0.01464979161206731
452,compsvo34v,book,board,0.01530961996781619,0.013413235384627372,0.29238217587074383,0.019723492810534992,0.014184675625326715,0.014306957311751944
453,compsvo34v,book,table,0.023487293109093508,0.019034066559632,0.4018796203449977,0.026091992464034992,0.02203253290705658,0.022222468535565688
454,compsvo34v,board,jar,0.017102917944380642,0.014417414777975776,0.3206225024399732,0.021772512975192167,0.015592804263218485,0.01572722498962554
455,compsvo34v,board,book,0.015658310494569182,0.013362187853669868,0.29136225007819155,0.019761179584281068,0.014466405949299797,0.014591116345414448
456,compsvo34v,board,table,0.02374472980573942,0.018841155748784057,0.4005356794307808,0.02620514629742209,0.022078447317326326,0.022268778759717063
457,compsvo34v,table,jar,0.01596031368013613,0.013639376616313158,0.3012159270299071,0.019719893864269214,0.014881126893203131,0.015009412469868675
458,compsvo34v,table,book,0.0161078914768997,0.013762468999789551,0.3025628237078552,0.019817359174813216,0.01501212797000631,0.015141542866299465
459,compsvo34v,table,board,0.015928461252768276,0.013643774561982557,0.3000017677700127,0.019670355865035603,0.014914797948188376,0.01504337379256931
460,compsvo67,balloon,box,0.014008056567080308,0.01205901187532418,0.2533479533075476,0.016732150209902347,0.013197580861777036,0.013311353110585457
461,compsvo67,balloon,table,0.017095207043328144,0.01463761616989855,0.30912045744281685,0.0208560189019439,0.015713598015967417,0.015849060067829202
462,compsvo67,box,balloon,0.013447482358939552,0.011907017212322709,0.2526932704971959,0.01660861655792254,0.012844303076770196,0.012955029827432008
463,compsvo67,box,table,0.05412445872878553,0.06416450696685995,0.4189701252225132,0.02158411190886457,0.06457259203880647,0.07858454876766235
464,compsvo67,table,balloon,0.015587751265987118,0.013381085713397307,0.2925405338746501,0.01918414655630667,0.014653700814573291,0.014780025821595473
465,compsvo67,table,box,0.016859525144917918,0.014124120204517353,0.3079747921343716,0.020339510943601133,0.015464561586414809,0.015597876772504588
466,compsvo68,balloon,box,0.014966243900534672,0.012792396126746474,0.2742219223548276,0.01838491769100179,0.013954424081141031,0.014074720840461212
467,compsvo68,balloon,table,0.016970919852660717,0.014555273645940125,0.30784787667350233,0.02077837454524073,0.01560221689363344,0.01573671876340614
468,compsvo68,box,balloon,0.01432902353304735,0.012621529519770795,0.2734739837830569,0.018229131446655004,0.013552334931741978,0.013669165405291476
469,compsvo68,box,table,0.01728270315932933,0.015070102974368354,0.35189229237868336,0.02361606796117681,0.015258077997504846,0.01538961315265575
470,compsvo68,table,balloon,0.015370702584892725,0.013224369374982644,0.28882095294745297,0.01893743974475485,0.014465512709692372,0.01459021540546558
471,compsvo68,table,box,0.01578382333431618,0.013518935357687695,0.29746285481756624,0.020161468668819373,0.014537196986038304,0.014662517649711047
472,compsvo68a,balloon,box,0.019800570447287304,0.0163760579139872,0.3833295918243519,0.02538463804024272,0.017178813283759833,0.017326906501723274
473,compsvo68a,balloon,table,0.020675520068910703,0.017756403208679626,0.4133602861435842,0.027106727514003844,0.017696492497735097,0.017849048467543156
474,compsvo68a,box,balloon,0.016297360194134542,0.01418442920395285,0.3102218787990452,0.020944559323949303,0.015277266632755302,0.015408967207175606
475,compsvo68a,box,table,0.017284147941797525,0.015071374868808596,0.3519392676138105,0.023618146566234385,0.015258789191486018,0.015390330477619518
476,compsvo68a,table,balloon,0.016288492418630687,0.014077669998592952,0.31224663469989816,0.02101389852758563,0.015000889552699938,0.015130207566085279
477,compsvo68a,table,box,0.015783921230609746,0.0135190118766348,0.2974653814578739,0.02016165338149168,0.014537253841502581,0.014662574995308635
478,compsvo69a,balloon,box,0.01680758986517794,0.014187891783948955,0.3176805615878299,0.02161232393819219,0.015193110087099762,0.015324085174057518
479,compsvo69a,balloon,table,0.02002288160096162,0.017037834169323383,0.3926579703203057,0.026376902646983943,0.01734777982739099,0.017497329653489185
480,compsvo69a,box,balloon,0.015123400787829332,0.01325326474860376,0.291989447256723,0.0196516398114754,0.014193720086195594,0.014316079742111071
481,compsvo69a,box,table,0.01651729139821384,0.014457256031480646,0.33351187091846896,0.022459274390433333,0.014735064126280732,0.014862090541162462
482,compsvo69a,table,balloon,0.01624108008264374,0.014036645755535027,0.3112976923005987,0.020964522423190912,0.014964295104474357,0.015093297648478445
483,compsvo69a,table,box,0.015343676613593215,0.013191237719289005,0.2895624660911723,0.0196220080043688,0.014171118273148212,0.014293283085847763
484,compsvo78,box,box (1),0.01488525340783701,0.013121473529886792,0.2895707745943924,0.01938397157704453,0.013682220160200684,0.013800170333995514
485,compsvo78,box,table,0.017351201089706718,0.015157817099107278,0.3536143388782361,0.023745407790923902,0.015315047183863856,0.015447073452690266
486,compsvo78,box (1),box,0.01611448570766766,0.014182206365942081,0.3263415613980888,0.021392348053427924,0.014334775048801075,0.014458350695773494
487,compsvo78,box (1),table,0.02252015061665241,0.023542903038073115,0.5667991294997146,0.033447821002485244,0.07000780212674912,0.0864024510144797
488,compsvo78,table,box,0.01581903126755383,0.013551181474250587,0.2984995062920726,0.020223228296760216,0.014562939364402172,0.014688481945129775
489,compsvo78,table,box (1),0.017431319318212853,0.014665349481810409,0.32413033594670754,0.021874326742466588,0.01589852722659613,0.016035583495790925
490,compsvo79,box,box (1),0.014594221013873213,0.012944613523326414,0.2890387310695871,0.018948457242566125,0.013267576733508762,0.013381952395004525
491,compsvo79,box,table,0.016689971679704138,0.014616576512636013,0.3399682449418663,0.02274815616679113,0.014800980691891737,0.014928575353028732
492,compsvo79,box (1),box,0.01491410596719537,0.013223788750626546,0.2983081805815687,0.019364788227370158,0.013445948797451202,0.013561862149153364
493,compsvo79,box (1),table,0.02251683505778761,0.02353867940803286,0.5666265932017959,0.033440261992111926,0.06999316248181718,0.08638702088711889
494,compsvo79,table,box,0.015292223477784209,0.013153795289924549,0.2888045443575458,0.019563150267575338,0.01412556292892309,0.014247335023137943
495,compsvo79,table,box (1),0.017435014275774,0.014668100956957638,0.3242217155082784,0.021881108545718144,0.015900654417104768,0.016037729024148774
496,compsvo89,box,box (1),0.008208838918942078,0.00755001263674172,0.14804056606703928,0.00912176530127049,0.008179102862299281,0.008249612369732894
497,compsvo89,box,table,0.017351201089706718,0.015157817099107278,0.3536143388782361,0.023745407790923902,0.015315047183863856,0.015447073452690266
498,compsvo89,box (1),box,0.008629433311327766,0.007955347746352686,0.1595942328972789,0.009619308092764041,0.008428931073635916,0.008501594272546568
499,compsvo89,box (1),table,0.0158886707849891,0.014000760040256443,0.32505628566230343,0.021632865437410026,0.014182246514168675,0.014304507259980474
500,compsvo89,table,box,0.01581903126755383,0.013551181474250587,0.2984995062920726,0.020223228296760216,0.014562939364402172,0.014688481945129775
501,compsvo89,table,box (1),0.014660526638987006,0.012686670819953757,0.2790984188293673,0.018799897406870245,0.013584353599101592,0.01370146009564557
502,compsvu15,balloon,book,0.017451848468722612,0.01451973320753716,0.30693989956332435,0.020292395586579484,0.01613521050389961,0.016274307146174602
503,compsvu15,balloon,table,0.01670849638886188,0.014356161357712803,0.3021552001771621,0.02034183592937623,0.01539956369458115,0.015532318554017191
504,compsvu15,book,balloon,0.016700584875586143,0.01461988614885891,0.3133825508083946,0.020856864966923287,0.01559489328299211,0.015729332018190316
505,compsvu15,book,table,0.02360156534379238,0.01924567174957067,0.4098663900414609,0.026381813669444074,0.021946075610754418,0.02213526591774368
506,compsvu15,table,balloon,0.015136386733596324,0.013043074320708677,0.2833313079669528,0.018534811705786417,0.014278035134803725,0.014401121644586512
507,compsvu15,table,book,0.015858334808669782,0.01358846570029162,0.2987209893417338,0.019613722068159152,0.01479353960896925,0.014921070122839672
508,compsvu16,balloon,book,0.015100547317459852,0.012901496725531258,0.2781146542650625,0.018718101813077467,0.014049317458289716,0.014170432263964626
509,compsvu16,balloon,table,0.01670849638886188,0.014356161357712803,0.3021552001771621,0.02034183592937623,0.01539956369458115,0.015532318554017191
510,compsvu16,book,balloon,0.014443799950839078,0.012719958159474336,0.2770057724658251,0.01853470882168682,0.013641003427825631,0.013758598284962056
511,compsvu16,book,table,0.02428836188739401,0.019636596915869074,0.4178291465407892,0.0267625082088737,0.022576129726475932,0.022770751534462785
512,compsvu16,table,balloon,0.015136388276254556,0.013043075546143873,0.2833313475396979,0.018534814366505455,0.014278036071715638,0.014401122589575254
513,compsvu16,table,book,0.016145612932194124,0.013785780146261748,0.3030268634903003,0.019828646293668085,0.015046435253945268,0.015176145902686174
514,compsvu17,box,box (1),0.014581349349262024,0.012841704715060905,0.27705123451291724,0.01855496172139024,0.013600459997909948,0.013717705342719514
515,compsvu17,box,table,0.05410124472701819,0.06412759796274177,0.4176415117603884,0.021532528941999533,0.06453789371282727,0.07849665016766039
516,compsvu17,box (1),box,0.014586899636938313,0.012846344534197009,0.2771164214581047,0.018557890044373773,0.013603176561058528,0.013720445324515926
517,compsvu17,box (1),table,0.016461132582855198,0.014979785247338838,0.3306489165748743,0.02184521500470804,0.014946117232314494,0.015074963070524099
518,compsvu17,table,box,0.016866052890023027,0.014132325607118912,0.3085403993069377,0.020376915632028755,0.015465485519422626,0.015598808670452128
519,compsvu17,table,box (1),0.0156693425463912,0.013419078829012587,0.29752787675584785,0.020136716599167343,0.014426639633223904,0.014551007216268938
520,compsvu23,box,pear,0.016121423253728676,0.01374029146565811,0.3016093632271794,0.02052235287539313,0.014825706330369984,0.014953514143562826
521,compsvu23,box,table,0.0235562505176556,0.018811367965548647,0.4000568096048269,0.02637135111814278,0.021893228620757342,0.022081963350246623
522,compsvu23,box,book,0.01712405473724739,0.01482362896908906,0.3232801624854288,0.02129745308399164,0.015815432331790353,0.015951772265685095
523,compsvu23,pear,box,0.01593518014989775,0.013912488586109712,0.3075538881168427,0.020818016941377138,0.014622589475806837,0.014748646281632754
524,compsvu23,pear,table,0.02354158488238102,0.018739580851015385,0.3962494705913445,0.02580655608736166,0.02190753851917571,0.022096396609858255
525,compsvu23,pear,book,0.015324699349103832,0.01340966345242336,0.2962726862424639,0.019958587647021363,0.0143648574391119,0.014488692417035279
526,compsvu23,table,box,0.015908445861332384,0.01363244563607941,0.2995324707577013,0.01965883276117793,0.01483954475920114,0.01496747186919425
527,compsvu23,table,pear,0.015978795469123345,0.01364820396772462,0.3012088580922733,0.01972471155260305,0.01488136790394891,0.01500965555829329
528,compsvu23,table,book,0.01560238153627155,0.013388477111679314,0.2937691786191442,0.01929561795923245,0.01465359005889421,0.014779914111126054
529,compsvu23,book,box,0.0243176447831477,0.019331624877426703,0.4116923144311797,0.026911381720963568,0.022856360059315423,0.023053397646033657
530,compsvu23,book,pear,0.0161407931647943,0.013669933458112307,0.2996473003335594,0.02033267158318592,0.014865958405177562,0.0149941132190153
531,compsvu23,book,table,0.022723103398669595,0.01810736379649148,0.3806229528759905,0.025219886321102045,0.02122593015600252,0.02140891231251978
532,compsvu25,book (1),cube,0.019689782492975143,0.016987282840807392,0.3851623230493234,0.02616268797621229,0.017535426941374138,0.017686594415006668
533,compsvu25,book (1),book,0.02703362505558328,0.0245227106923907,0.5316420920424749,0.0340393577672588,0.023828883056269984,0.024034304461927482
534,compsvu25,book (1),table,0.023292636184256414,0.018550337002212848,0.3924567576280767,0.02622043196654513,0.02177937182331149,0.021967125028684868
535,compsvu25,cube,book (1),0.02103591460551972,0.019181688885418758,0.4391347660937772,0.029420454947974232,0.018051101623276528,0.01820671456830477
536,compsvu25,cube,book,0.07601659570342142,0.0879213544989047,0.6696575245629897,0.029095842695633967,0.0972839603769381,0.1174498598054839
537,compsvu25,cube,table,0.02461662127606995,0.019975907608952487,0.4240932258662524,0.027907110741958296,0.022753435038746616,0.02294958534080477
538,compsvu25,book,book (1),0.02321295713676161,0.020859077573987604,0.4809370949157531,0.0322685629437038,0.01951545644930439,0.019683693142832873
539,compsvu25,book,cube,0.02510023054758861,0.02037047912908915,0.4297893192103582,0.027867334720528027,0.023150220482505885,0.02334979134873438
540,compsvu25,book,table,0.023706737675700758,0.018917431442287,0.4014129035771848,0.026558991425964358,0.02209737567355,0.02228787029142543
541,compsvu25,table,book (1),0.015901101645431168,0.013621720750588987,0.29898081518357683,0.019637315671360428,0.014837210005169032,0.014965116987972212
542,compsvu25,table,cube,0.015971795296999113,0.013655149005856557,0.2995067624187553,0.01968867166133757,0.014821249235213262,0.014949018625171995
543,compsvu25,table,book,0.015911804994937676,0.013622771968455408,0.2991714679163075,0.019648948991515473,0.014843139463670703,0.014971097562495449
544,compsvu25a,box,balloon,0.011228152658828566,0.010122886313226795,0.21279087017795875,0.013745498075096023,0.010890831180434556,0.010984717656127954
545,compsvu25a,box,table,0.013570420712516726,0.012086606419722042,0.2684727224719872,0.017812264876618248,0.012634893387089502,0.01274381488180579
546,compsvu25a,balloon,box,0.011623042226356151,0.010230861876043659,0.21309552355638875,0.013818461370975298,0.011141484830398056,0.011237532113418727
547,compsvu25a,balloon,table,0.01692734735542814,0.014503925423185429,0.30490375281406795,0.02050731879524524,0.015590655801607425,0.015725058006793694
548,compsvu25a,table,box,0.013798642756766491,0.012038481136049405,0.26648928542853645,0.017774688895855022,0.012835311705441905,0.01294596094428192
549,compsvu25a,table,balloon,0.015442255322059171,0.01326287268172615,0.2885837237053279,0.01887688380562448,0.014543208625929182,0.01466858111408374
550,compsvu34,book (1),picture,0.025784573538551327,0.020292183332462247,0.43454054116504026,0.02817132637611022,0.02404261879021656,0.024249882745304627
551,compsvu34,book (1),table,0.02327291346357804,0.018440300160788736,0.3902866417564666,0.02588880920268088,0.021694609709333682,0.021881632206827935
552,compsvu34,picture,book (1),0.017174606424040725,0.014693729382347087,0.31437483790922444,0.020592350405252133,0.015897256783729528,0.016034302100830643
553,compsvu34,picture,table,0.024654136140519048,0.02001242737140421,0.4286564675994671,0.027596797713112856,0.022800719379609008,0.022997277305295296
554,compsvu34,table,book (1),0.01585016889676466,0.013581468116733452,0.2992869028089549,0.019611665160558785,0.014856173123312482,0.01498424358127207
555,compsvu34,table,picture,0.01620906562743614,0.013878803221526738,0.3031004184401936,0.01987771436078574,0.015129062651189459,0.015259485605079021
556,compsvu53,box,book,0.01596585935869679,0.013939605720393943,0.30032017763983115,0.020041923338906902,0.015029004787570271,0.015158565173670013
557,compsvu53,box,table,0.05410187183781196,0.06412927727120361,0.4176422003805003,0.02153256262571709,0.06453899626167006,0.078497940264356
558,compsvu53,book,box,0.016806238233909143,0.0142172263983744,0.3030317441249204,0.020423885840910518,0.015556557886877556,0.01569066614452305
559,compsvu53,book,table,0.022988325418727286,0.01904418852381104,0.4074636351994091,0.0264256531052906,0.02092253896145369,0.021102905676638636
560,compsvu53,table,box,0.016866065406440627,0.01413233490819881,0.30854070168813,0.02037693676902067,0.015465492774020519,0.015598815987589661
561,compsvu53,table,book,0.016099060338489967,0.013762696728292192,0.3022421993139827,0.019813810139411824,0.015008994649894391,0.01513838253480727
562,compsvu56,box,balloon,0.014572209860972563,0.012918071765500905,0.2706545746207199,0.01778427330399757,0.013866382675652659,0.01398592045733932
563,compsvu56,box,table,0.013570420712516726,0.012086606419722042,0.2684727224719872,0.017812264876618248,0.012634893387089502,0.01274381488180579
564,compsvu56,balloon,box,0.015274267393450362,0.01307651733298651,0.27200508584502703,0.017972546197492743,0.014332951793775422,0.014456511723032105
565,compsvu56,balloon,table,0.014653783129884381,0.012586938119267392,0.27284825968131754,0.018346970592788014,0.013647557159421586,0.013765208514244185
566,compsvu56,table,box,0.013798642756766491,0.012038481136049405,0.26648928542853645,0.017774688895855022,0.012835311705441905,0.01294596094428192
567,compsvu56,table,balloon,0.014018380557981555,0.01240185886884178,0.27147877103897483,0.018147538341091087,0.013249179700721859,0.013363396767107391
568,compsvu63,box,book,0.014711911104856071,0.012926666638504386,0.2823534413631271,0.018925943008107068,0.013866578178849854,0.013986117645908904
569,compsvu63,box,table,0.05410124559667134,0.06412759908889684,0.4176415237615253,0.021532529459816232,0.06453789525956957,0.07849665190610192
570,compsvu63,book,box,0.01542027936776324,0.013133878124645093,0.28404855596274803,0.0191605327963702,0.01431152377515777,0.014434898980116023
571,compsvu63,book,table,0.024111456495540542,0.019506919538339697,0.41566425953116826,0.026654839442575958,0.02240749102001937,0.022600659046054017
572,compsvu63,table,box,0.0168660673994142,0.014132336389198044,0.3085407498359222,0.02037694013463795,0.015465493929160691,0.015598817152687936
573,compsvu63,table,book,0.016111485098994478,0.013772084507664355,0.3024903514212103,0.019821305033975063,0.015019550822382504,0.015149029708782348
574,compsvu67,box,balloon,0.013636980797819434,0.012058165515720231,0.2580437501826561,0.017048892397157334,0.012989759501958709,0.013101740187320422
575,compsvu67,box,table,0.013570420712516726,0.012086606419722042,0.2684727224719872,0.017812264876618248,0.012634893387089502,0.01274381488180579
576,compsvu67,balloon,box,0.01426942511291495,0.012253473665844412,0.25986382638043554,0.01726464232878595,0.01339759487057456,0.01351309137807951
577,compsvu67,balloon,table,0.013164981498852715,0.01144912650329916,0.24386371738203336,0.01611805976547014,0.012422105492862686,0.012529192609180466
578,compsvu67,table,box,0.013798642756766491,0.012038481136049405,0.26648928542853645,0.017774688895855022,0.012835311705441905,0.01294596094428192
579,compsvu67,table,balloon,0.012665062541261313,0.01131128911079036,0.2432789838574317,0.016004672705139757,0.012108487694277805,0.012212871208883643
580,compsvu67a,box,balloon,0.006563781860810425,0.006088977448876342,0.11657713076236376,0.007124056543851558,0.006791728081704427,0.0068502774617191205
581,compsvu67a,box,table,0.013570420712516726,0.012086606419722042,0.2684727224719872,0.017812264876618248,0.012634893387089502,0.01274381488180579
582,compsvu67a,balloon,box,0.006701242890011238,0.006114112636235024,0.11614001963082032,0.00711201484648662,0.006880327016371821,0.0069396401803060595
583,compsvu67a,balloon,table,0.014994772612185485,0.01283999937860301,0.2791772990977969,0.01883428845615155,0.013929304714347382,0.014049384927402098
584,compsvu67a,table,box,0.013798642756766491,0.012038481136049405,0.26648928542853645,0.017774688895855022,0.012835311705441905,0.01294596094428192
585,compsvu67a,table,balloon,0.014379462009423546,0.012678161837708743,0.2787172424911237,0.01869379937297237,0.013556084425971024,0.013672947222746633
586,compsvul,lamp,pencil,0.0202475880640833,0.016590421386343826,0.3849425817811348,0.025925435955341337,0.017627861155481126,0.01777982547578699
587,compsvul,lamp,bowl,0.02014009439224617,0.016672667922256124,0.3861027254955722,0.026299437605932247,0.017554404568704197,0.017705735642572336
588,compsvul,lamp,table,0.024526401251585984,0.019708397678203395,0.4195286887419805,0.027798798417317114,0.02254807710456797,0.022742457079607346
589,compsvul,pencil,lamp,0.07584475287611303,0.09814828627922433,0.6672573996503385,0.033658782866619955,0.09261124877993844,0.11788765318535845
590,compsvul,pencil,bowl,0.01663814787345758,0.014457492060842762,0.32385585090848584,0.02195853955657801,0.015087219904595384,0.015217282145152238
591,compsvul,pencil,table,0.022779526350104072,0.01824788632019947,0.3856491242586126,0.02536801194662249,0.021148034587647024,0.021330345230643977
592,compsvul,bowl,lamp,0.019844982879450163,0.02040448996978679,0.4490621984253295,0.026565810913470343,0.059150457190765074,0.074077707401614
593,compsvul,bowl,pencil,0.016226985058885878,0.013990023959613195,0.3077227184482035,0.020911927552239973,0.014919997543017828,0.015048618211492117
594,compsvul,bowl,table,0.02357001329555495,0.01877133257277801,0.3976373485355569,0.02603612035348171,0.02193635295915451,0.022125459450181698
595,compsvul,table,lamp,0.016066177611564085,0.01376173431372711,0.3003303945738649,0.019752042891285324,0.0148560893577877,0.014984159093630694
596,compsvul,table,pencil,0.015524248465840357,0.01332333763941809,0.2942236641859402,0.01931008432074786,0.014552889141934882,0.014678345082813628
597,compsvul,table,bowl,0.01593564687068825,0.013624643319934416,0.30017134448889315,0.019692190907321272,0.01485039337393045,0.014978414006464331
598,compsvula,lamp,pencil,0.02008949484713975,0.016474753991992625,0.3807331363314498,0.025685816936442347,0.017548923449756414,0.017700207272599137
599,compsvula,lamp,bowl,0.016241107113865474,0.013955013644609228,0.3143329579268265,0.021087345217212384,0.014562866569096972,0.014688408522278842
600,compsvula,lamp,table,0.02451953557630453,0.01970267769142044,0.4193551926693681,0.027801155975525942,0.022544975729297447,0.022739328968343114
601,compsvula,pencil,lamp,0.07616465977584609,0.09873010273128066,0.673526734123833,0.033848670513812004,0.09322970336700497,0.11866838480616325
602,compsvula,pencil,bowl,0.014886255910119115,0.01310956395788516,0.2865233983419543,0.01910901336501746,0.01370281143538324,0.013820939120171023
603,compsvula,pencil,table,0.02283672829111789,0.018231560976796592,0.3853858542930162,0.02540655874181618,0.021274747165826603,0.02145815015863545
604,compsvula,bowl,lamp,0.01441369494744949,0.012711825874257824,0.27382847791797404,0.018305309975618824,0.013457360873696906,0.013573372605366705
605,compsvula,bowl,pencil,0.014487058030348918,0.012663566169645906,0.2718791986509925,0.018197792947144232,0.013520940724668851,0.013637500558502201
606,compsvula,bowl,table,0.02358494211241921,0.01877425975772059,0.3976062516002061,0.02607246491852307,0.021956080920134527,0.022145357479790854
607,compsvula,table,lamp,0.01606624528471699,0.013761787092483012,0.3003321105574723,0.01975216102906529,0.014856129067008894,0.014984199145172761
608,compsvula,table,pencil,0.015516008732586304,0.013316858037618498,0.29400827115063083,0.01929540517221464,0.014547933791028788,0.01467334701336524
609,compsvula,table,bowl,0.015940001228187683,0.01362704910435188,0.3001903823961504,0.01969291621223704,0.014854654685789488,0.01498271205377043
610,compsvinew2,shelf,mug,0.020047625657484247,0.0166325495824519,0.3907057892259364,0.02577761512841484,0.017381550907778882,0.01753139186388042
611,compsvinew2,shelf,table,0.02403788248042674,0.01896466734126424,0.4035295297001185,0.026382809991189655,0.02236050173716297,0.022553264683172994
612,compsvinew2,shelf,box,0.017168240750175676,0.014217921303213575,0.31125179518892754,0.02053585797811596,0.01572289919364533,0.015858441428073303
613,compsvinew2,mug,shelf,0.07851469722067066,0.1081892312258017,0.6841669430176139,0.030918511504229026,0.10124252295144072,0.130121230320537
614,compsvinew2,table,shelf,0.016048514496747854,0.01373889055651341,0.3016633735460589,0.019777720518772215,0.015040409333231003,0.015170068034379544
615,compsvinew2,box,shelf,0.061215215551326876,0.07304641293456272,0.5086624348272475,0.02513538820845786,0.0758904228497867,0.09208592231454807
