Scene,Figure,Ground,ground_lightsource,ground_container,support,ground_verticality,shortest_distance,contact_proportion,above_proportion,below_proportion,bbox_overlap_proportion,horizontal_distance,f_covers_g,g_covers_f,location_control,selection_ratio,selected_atleast_once
compsva12,box,book,-0.12166736738870315,-0.5968659206925575,1.6509878592065292,-0.3832424471159501,-0.5712252268324237,-0.4495031203312162,1.2692212394067948,-0.7484621051199398,-0.34557358567295404,-0.7129907286563125,1.1166660752779285,0.2816420195996203,0.7294273141541625,0.0,0
compsva12,pear,book,-0.12166736738870315,-0.5968659206925575,1.6837178985981087,-0.3832424471159501,-0.602573893987224,2.4845704466035174,1.2428633263776436,-0.7484621051199398,0.8867377279507779,-0.6065703577967764,-0.2855786805286381,1.3275944330716278,-0.6759038050766987,0.0,0
compsva13,balloon,book,-0.12166736738870315,-0.5968659206925575,-0.6282480394372745,-0.3832424471159501,1.2108034431575931,-0.4495031203312162,1.311752681188536,-0.7484621051199398,-0.3570435486078057,0.2801710072747028,-0.8740550690873288,-0.875450400627552,-0.8053027946095308,0.0,0
compsva13,pear,book,-0.12166736738870315,-0.5968659206925575,1.6837178985981087,-0.3832424471159501,-0.602573893987224,0.001892861481618648,1.2693591808962448,-0.7484621051199398,-0.3115826986384105,-0.791735293468622,-0.705019266213026,1.5240177774945138,0.014782098484513164,0.0,0
compsva14,book,box,-0.12166736738870315,1.6726983209532167,1.6837178985981087,-0.3832424471159501,-0.5930210140319722,0.9840589501397987,1.311752681188536,-0.7484621051199398,-0.3570435486078057,0.9620683535840393,0.4032076951161969,0.7539185434925848,1.211665031212988,0.0,0
compsva14,table,box,-0.12166736738870315,1.6726983209532167,-0.6282480394372745,-0.3832424471159501,-0.3336080490040548,-0.4495031203312162,0.8026561066590434,-0.7484621051199398,-0.20001154142321942,1.8662140266554257,1.536002907966404,-0.6828057146968908,-0.7882001674365253,0.0,0
compsva15,balloon,book,-0.12166736738870315,-0.5968659206925575,-0.6282480394372745,-0.3832424471159501,0.6621464713628337,-0.4495031203312162,1.311752681188536,-0.7484621051199398,-0.3570435486078057,-0.5266517983115712,0.1406157311277462,-0.16702973609106853,-0.8053027946095308,0.0,0
compsva15,pear,book,-0.12166736738870315,-0.5968659206925575,1.6837178985981087,-0.3832424471159501,-0.602573893987224,0.001892861481618648,1.2693591808962448,-0.7484621051199398,-0.3115826986384105,-0.791735293468622,-0.705019266213026,1.5240177774945138,0.034552583439894924,0.0,0
compsva23,balloon,book,-0.12166736738870315,-0.5968659206925575,-0.6282480394372745,-0.3832424471159501,0.6636801276617424,-0.4495031203312162,1.311752681188536,-0.7484621051199398,-0.3570435486078057,-0.525833532522816,0.13802973891836742,-0.1687969444042555,-0.8053027946095308,0.0,0
compsva23,box,book,-0.12166736738870315,-0.5968659206925575,1.6837178985981087,-0.3832424471159501,-0.5802597573252285,-0.3919965103872463,1.1173234864958699,-0.7484621051199398,-0.31640877810193685,-0.6768049013707764,0.9990082498671534,0.2036247514688882,1.576287047070345,0.0,0
compsva24,picture,bin,-0.12166736738870315,1.6726983209532167,1.6837178985981087,-0.3832424471159501,-0.2108593256751787,-0.4495031203312162,1.311752681188536,-0.7484621051199398,-0.3570435486078057,-0.8977091733418914,1.536002907966404,0.33425875754356993,-0.1879105766459476,0.0,0
compsva24,table,bin,-0.12166736738870315,1.6726983209532167,-0.6282480394372745,-0.3832424471159501,-0.387744065621221,-0.4495031203312162,0.8026561066590434,-0.7484621051199398,-0.1790970453566087,-0.42240047819179105,1.4167004589920877,-0.7060572571886653,-0.7990253522920698,0.0,0
compsva25,picture,bin,-0.12166736738870315,1.6726983209532167,1.3738814017884535,-0.3832424471159501,-0.23279427277511766,-0.4495031203312162,0.8682109144677286,-0.7484621051199398,-0.10097160385772859,-0.9147647107587432,1.536002907966404,0.31796276941185403,0.06328040692011759,0.0,0
compsva25,table,bin,-0.12166736738870315,1.6726983209532167,-0.6282480394372745,-0.3832424471159501,-0.33643604090835166,-0.4495031203312162,0.8026561066590434,-0.7484621051199398,-0.30817898487685963,0.6996502869892027,-0.24252203074538234,-0.8288680612100796,-0.8013114815433261,0.0,0
compsva34,balloon,bin,-0.12166736738870315,1.6726983209532167,-0.6282480394372745,-0.3832424471159501,1.1626961459572545,-0.4495031203312162,1.311752681188536,-0.7484621051199398,-0.3570435486078057,-0.6995237544122418,0.5118976947943545,0.3896108892105787,-0.8053027946095308,0.0,0
compsva34,table,bin,-0.12166736738870315,1.6726983209532167,-0.6282480394372745,-0.3832424471159501,-0.37208029332549714,-0.4495031203312162,0.8026561066590434,-0.7484621051199398,-0.1705665621578149,0.41778414909773,1.536002907966404,-0.6976828253108379,-0.14088258634233614,0.0,0
compsvi12,pencil,cup,-0.12166736738870315,1.6726983209532167,1.6837178985981087,-0.3832424471159501,-0.602573893987224,2.412757657805914,0.4045081785115099,-0.7484621051199398,1.9900645039075768,-0.9052264769587873,0.32114787206129186,1.0262740181994152,1.2786349232808496,1.0,1
compsvi12,pencil,table,-0.12166736738870315,-0.5968659206925575,1.6184520249537448,-0.3832424471159501,-0.33342178373665343,-0.4495031203312162,1.311752681188536,-0.7484621051199398,-0.3570435486078057,-0.8546977279860787,-0.8550161147707215,1.5240177774945138,0.9237697475987677,0.0,0
compsvi12,cup,table,-0.12166736738870315,-0.5968659206925575,1.6788126004673793,-0.3832424471159501,-0.5830572548103938,0.024028543696596127,1.311752681188536,-0.7484621051199398,-0.3570435486078057,-0.9080336571409124,-0.8429462335241572,1.5240177774945138,0.8751344621401598,0.0,0
compsvi12,cube,cup,-0.12166736738870315,1.6726983209532167,0.28855026226437286,-0.3832424471159501,-0.602573893987224,3.048815686243471,-0.9059561524155018,-0.7484621051199398,1.9493280575188372,-0.8112137835678139,-0.530597947783199,0.2549208221275996,1.8432595489531811,0.0,0
compsvi12,cube,table,-0.12166736738870315,-0.5968659206925575,1.680237696271584,-0.3832424471159501,-0.5798809339657265,1.2996562829561276,1.311752681188536,-0.7484621051199398,-0.3570435486078057,-0.8100521085099535,-0.8646490851742515,1.5240177774945138,1.4278986269958416,0.0,0
compsvi13,pencil (1),mug,-0.12166736738870315,1.6726983209532167,1.3323832315768749,-0.3832424471159501,-0.602573893987224,1.9887187389596213,0.4045081785115099,-0.7484621051199398,2.6024360020260717,-0.9463758086996847,0.4466227205206404,1.5073973812651158,1.8432595489531811,1.0,1
compsvi13,pencil,mug,-0.12166736738870315,1.6726983209532167,1.1401631467363,-0.3832424471159501,-0.4971990209957124,-0.4495031203312162,-0.9059561524155018,-0.7484621051199398,1.8839843633217308,-0.7834021765789269,-0.3993187156919143,0.23533108402777536,0.7976064735740364,0.3333333333333333,1
compsvi14,ball,bowl,-0.12166736738870315,1.6726983209532167,-0.05201642340046122,-0.3832424471159501,-0.602573893987224,2.743137486571305,-0.5614577057452173,-0.7484621051199398,3.1819072641816097,-0.9619212940188787,-0.10734983200376291,1.5240177774945138,1.221108877533312,1.0,1
compsvi14,pencil,bowl,-0.12166736738870315,1.6726983209532167,1.6837178985981087,-0.3832424471159501,-0.602573893987224,0.6105938269526342,0.7405245542059091,-0.7484621051199398,0.06817167142220154,-0.860573785111068,0.6243112340470605,0.44230872917894914,1.2154070458986845,0.0,0
compsvi14a,cube,bowl,-0.12166736738870315,1.6726983209532167,1.6837178985981087,-0.3832424471159501,-0.602573893987224,2.1742359845997994,0.20289826438651715,-0.7484621051199398,2.0920581239121403,-0.9351395859340045,-0.40710127491141623,1.5240177774945138,1.082308431920464,1.0,1
compsvi14a,pear,bowl,-0.12166736738870315,1.6726983209532167,1.6837178985981087,-0.3832424471159501,-0.6000361548136733,0.8127336842341327,1.261410468894841,-0.7484621051199398,0.6902591696422785,-0.879601164368355,0.19630060269916808,0.9561824334078379,1.484210770407266,0.9,1
compsvi15,pencil,box,-0.12166736738870315,1.6726983209532167,-0.6282480394372745,-0.3832424471159501,-0.602573893987224,2.412757657805914,-0.9059561524155018,-0.7484621051199398,1.9722149227559058,-0.5538496299118855,-0.8282629793995372,0.2661376160198666,-0.13761440224089333,0.0,0
compsvi15,pear,box,-0.12166736738870315,1.6726983209532167,-0.3546770403316422,-0.3832424471159501,-0.602573893987224,6.5471344928181585,-0.9059561524155018,-0.7484621051199398,4.484547264095121,-0.5816543166231911,-0.008334287057094067,1.5240177774945138,1.782450875037032,1.0,1
compsvi16,pear,bowl,-0.12166736738870315,1.6726983209532167,-0.6282480394372745,-0.3832424471159501,-0.602573893987224,0.001892861481618648,-0.03688995085073594,-0.7399214387497114,-0.036945906792150686,-0.6604709549858067,-0.8161331576010258,-0.6349711408266202,1.3286033625950897,0.0,0
compsvi16,pencil,bowl,-0.12166736738870315,1.6726983209532167,1.6837178985981087,-0.3832424471159501,-0.602573893987224,1.140641600930798,0.4045081785115099,-0.7484621051199398,1.404211572196866,-0.8409331437825012,0.17097595448208514,0.8158754512666928,1.5380612075484656,1.0,1
compsvi23,box,table,-0.12166736738870315,-0.5968659206925575,1.6837178985981087,-0.3832424471159501,-0.602573893987224,0.5281090668036933,-0.9059561524155018,-0.7484621051199398,4.538752044159563,0.5755016478825382,-0.7585597404982047,1.5240177774945138,1.727633845068549,0.0,0
compsvi23,box (1),table,-0.12166736738870315,-0.5968659206925575,-0.6282480394372745,-0.3832424471159501,-0.3959606841730068,-0.4495031203312162,-0.9059561524155018,-0.6252114358610876,4.538744700466174,0.18000227069296407,-0.680564070511745,1.5240177774945138,-0.8041443245591213,0.0,0
compsvi24,cube,cup,-0.12166736738870315,1.6726983209532167,-0.0018490745110315144,-0.3832424471159501,-0.5992838364883207,1.2996562829561276,-0.9059561524155018,-0.4506063329919444,1.858821442713584,-0.8095429928139247,-0.5224203800612579,0.2132593360445016,1.8432595489531811,0.0,0
compsvi24,pencil,cup,-0.12166736738870315,1.6726983209532167,1.6837178985981087,-0.3832424471159501,-0.5773736827661422,0.0805452133779567,0.7405245542059091,-0.7484621051199398,-0.33551577091467577,-0.9023288958978164,1.043719886463252,0.10789652882180144,1.8432595489531811,0.0,0
compsvi24a,pear,cup,-0.12166736738870315,1.6726983209532167,1.658870738268855,-0.3832424471159501,-0.602573893987224,0.46164800611638757,0.8851681815221152,-0.7484621051199398,0.350671120782037,-0.6396468131085455,1.536002907966404,0.07903452584126017,1.6362084526014005,0.8,1
compsvi24a,cube,cup,-0.12166736738870315,1.6726983209532167,0.3039003289133649,-0.3832424471159501,-0.599122666349585,3.923395387887143,-0.9059561524155018,-0.7484621051199398,2.533492918909162,-0.8273806166562419,-0.5912540459438896,0.541224405353853,1.7367123222135787,0.0,0
compsvi25,pencil,box,-0.12166736738870315,1.6726983209532167,-0.6169813970835976,-0.3832424471159501,-0.602573893987224,2.412757657805914,-0.9059561524155018,-0.7484621051199398,1.9631802215690135,-0.553100947133977,-0.8278396286152879,0.2617096374439604,1.4064229578752392,0.0,0
compsvi25,pencil (1),box,-0.12166736738870315,1.6726983209532167,1.6837178985981087,-0.3832424471159501,-0.5053391764540857,-0.4495031203312162,-0.9059561524155018,-0.7484621051199398,1.4162092088765017,-0.3124233888433996,-0.6159708775391596,-0.006365186033100055,1.8432595489531811,0.0,0
compsvi26,cube,cup,-0.12166736738870315,1.6726983209532167,0.021745000279807237,-0.3832424471159501,-0.5950595845540027,1.2996562829561276,-0.9059561524155018,-0.4506063329919444,1.8151994144024677,-0.8083264118174508,-0.5103893706398057,0.19861082276388442,1.609095450960642,0.0,0
compsvi26,pencil,cup,-0.12166736738870315,1.6726983209532167,-0.6282480394372745,-0.3832424471159501,-0.0938157158896292,-0.4495031203312162,-0.9059561524155018,-0.3332692684044596,-0.3570435486078057,-0.42406533727918166,-0.8740550690873288,-0.875450400627552,-0.7640153224312747,0.0,0
compsvi26a,pencil,lamp,8.205788000549202,-0.5968659206925575,0.2760862226958302,2.6050784063451293,-0.602573893987224,1.140641600930798,-0.9059561524155018,-0.7484621051199398,3.1695669218104805,-0.5985728743697831,-0.36820607223713914,0.8529693097259172,0.07901952837517426,0.0,0
compsvi26a,bowl,lamp,8.205788000549202,-0.5968659206925575,-0.6282480394372745,2.6050784063451293,0.7087098585927339,-0.4495031203312162,-0.9059561524155018,-0.7484621051199398,-0.3570435486078057,0.6631655949685543,-0.8740550690873288,-0.875450400627552,-0.8049314724261919,0.0,0
compsvi3,pencil,mug,-0.12166736738870315,1.6726983209532167,1.1372995457254493,-0.3832424471159501,-0.4993979062073109,-0.4495031203312162,-0.9059561524155018,-0.6943065166862483,1.8044619555084103,-0.7830528736668264,-0.42519044706978837,0.2055208112232403,0.777097086074642,0.0,0
compsvi3,pear,mug,-0.12166736738870315,1.6726983209532167,-0.6282480394372745,-0.3832424471159501,-0.602573893987224,-0.23216432722992095,-0.9059561524155018,-0.7313807699966368,-0.26148853626115853,-0.6761183870205916,-0.8595115935052617,-0.8284597437102087,1.1099734573866893,0.0,0
compsvi34,pencil (1),mug,-0.12166736738870315,1.6726983209532167,1.5698253701654223,-0.3832424471159501,-0.5758579264481054,-0.23748380084082227,0.874931237546199,-0.7484621051199398,-0.3402950171975617,-0.9340049645986672,0.7994973843759052,0.6983641366581603,1.8432595489531811,0.0,0
compsvi34,pencil,mug,-0.12166736738870315,1.6726983209532167,1.1395673531140684,-0.3832424471159501,-0.49755819246132116,-0.4495031203312162,-0.9059561524155018,-0.6943065166862483,1.8356447463774235,-0.7842121152204825,-0.3957836426511719,0.22468968260462177,0.8905519156985907,0.0,0
compsvi36,pencil,mug,-0.12166736738870315,1.6726983209532167,1.1374475115454838,-0.3832424471159501,-0.4993979062073109,-0.4495031203312162,-0.9059561524155018,-0.6943065166862483,1.8043674666534697,-0.7830528736668264,-0.42519141109297925,0.20552465037232515,0.7767120513239466,0.0,0
compsvi36,pear,mug,-0.12166736738870315,1.6726983209532167,-0.6282480394372745,-0.3832424471159501,-0.602573893987224,-0.23216432722992095,-0.9059561524155018,-0.7313807699966368,-0.26483755419434696,-0.6761183870205916,-0.8600210363805673,-0.8301055149389008,1.1099734573866893,0.0,0
compsvi45,pencil,mug,-0.12166736738870315,1.6726983209532167,1.1352231691164998,-0.3832424471159501,-0.49755819246132116,-0.4495031203312162,-0.9059561524155018,-0.6943065166862483,1.8356447463774235,-0.7842121152204825,-0.3957836426511719,0.22468968260462177,0.7945467881406945,0.4,1
compsvi45,cup,mug,-0.12166736738870315,1.6726983209532167,-0.6282480394372745,-0.3832424471159501,-0.602573893987224,-0.26640419251564684,0.05759642108849745,-0.7014955397738679,0.01936979345802529,-0.624372961992651,-0.27170084367936964,-0.49864559623343274,-0.00016522201512359362,0.0,0
compsvi46,ball,bowl,-0.12166736738870315,1.6726983209532167,-0.05199746527976937,-0.3832424471159501,-0.5893852876880554,-0.05551769862119792,-0.5614577057452173,-0.7484621051199398,0.0799053757614312,-0.6824099459767436,-0.779391148924608,-0.5791916638770878,1.1811230152271501,0.0,0
compsvi46,pencil,bowl,-0.12166736738870315,1.6726983209532167,1.6837178985981087,-0.3832424471159501,-0.602573893987224,0.6105938269526342,0.7405245542059091,-0.7484621051199398,0.24913280976760094,-0.8605736900523099,0.624311475052858,0.44230896912576684,1.8432595489531811,0.0,0
compsvinew1,cube,plate,-0.12166736738870315,-0.5968659206925575,1.6837088819309503,-0.3832424471159501,-0.6025087611129639,3.048815686243471,0.20289826438651715,-0.7484621051199398,0.49296399262890556,-0.860277030680383,-0.7879293818228151,1.5240177774945138,1.1138850755430465,0.0,0
compsvinew1,pencil,plate,-0.12166736738870315,-0.5968659206925575,-0.6282480394372745,-0.3832424471159501,-0.602573893987224,2.147733420984951,-0.9059561524155018,-0.20690622078302562,1.9205446960698391,-0.5700082879471264,-0.5315528127537077,0.3217618473782746,0.24096050291216473,0.0,0
compsvo12,box,table,-0.12166736738870315,-0.5968659206925575,1.6837178985981087,-0.3832424471159501,-0.5722090519676662,-0.4495031203312162,-0.9059561524155018,-0.7484621051199398,4.538752044159563,-0.5659859716616489,-0.6337310526830842,1.5240177774945138,1.8432595489531811,0.0,0
compsvo12,book (1),table,-0.12166736738870315,-0.5968659206925575,1.68169261643639,-0.3832424471159501,-0.6025681229689394,2.366598040816922,1.3039272737982808,-0.7484621051199398,-0.356070573858245,-0.31877103246676425,-0.686579165512615,1.5240177774945138,0.8258756388918188,0.0,0
compsvo12,book,table,-0.12166736738870315,-0.5968659206925575,1.6837178985981087,-0.3832424471159501,-0.602417956677921,1.0400187574335287,1.256453446109969,-0.7484621051199398,-0.3325802616688437,0.9474673283571791,-0.7883318856055629,0.4865969130766372,1.346310855855447,0.0,0
compsvo12v,book,board,-0.12166736738870315,-0.5968659206925575,1.6837178985981087,2.6050784063451293,-0.602573893987224,0.059073931870723816,1.2668873226303095,-0.7484621051199398,-0.3043737473355636,-0.7828740111077974,-0.26485483298975077,1.2297834720459313,1.4540743024232134,0.0,0
compsvo12v,clock,board,-0.12166736738870315,-0.5968659206925575,1.6278591831590172,2.6050784063451293,-0.602573893987224,6.368591495550767,-0.9059561524155018,-0.7484621051199398,3.7254551365956585,-0.7562662282300625,-0.8314620421571188,1.125414524542609,1.600237400416655,0.0,0
compsvo13v,jar,board,-0.12166736738870315,-0.5968659206925575,-0.6280494694686262,2.6050784063451293,-0.602573893987224,0.19152406007195266,-0.9059561524155018,-0.2949090192236393,0.3939670891066752,-0.4663594502354702,-0.8225399352243266,-0.5073597448159186,-0.6255244724672451,0.0,0
compsvo13v,book,board,-0.12166736738870315,-0.5968659206925575,1.6837178985981087,2.6050784063451293,-0.602573893987224,0.059073931870723816,1.2668873226303095,-0.7484621051199398,-0.3043737473355636,-0.7828740111077974,-0.26485483298975077,1.2297834720459313,1.4015129205746253,0.0,0
compsvo14,book (1),table,-0.12166736738870315,-0.5968659206925575,1.6837178985981087,-0.3832424471159501,-0.4591395894900852,-0.4495031203312162,1.311752681188536,-0.7484621051199398,-0.3570435486078057,0.05872478631255008,-0.6890137096787157,1.5240177774945138,1.4203422786296571,0.0,0
compsvo14,book,table,-0.12166736738870315,-0.5968659206925575,1.6837178985981087,-0.3832424471159501,-0.602573893987224,2.4126827937834525,1.2261952485551593,-0.7484621051199398,-0.2484028579689862,-0.01905514123545522,-0.7228496463458222,1.5240177774945138,1.141528981505572,0.0,0
compsvo14a,box,table,-0.12166736738870315,-0.5968659206925575,1.6834656631142688,-0.3832424471159501,-0.602573893987224,0.2742871464651443,1.1970436877083173,-0.7484621051199398,-0.35572738837878315,0.2111060666589793,-0.6805325228528254,1.5240177774945138,1.3089297090789886,0.0,0
compsvo14a,book,table,-0.12166736738870315,-0.5968659206925575,1.6837178985981087,-0.3832424471159501,0.365611169588937,-0.4495031203312162,1.311752681188536,-0.7484621051199398,-0.3570435486078057,-0.24301870822662927,-0.7028552992560092,1.5240177774945138,0.7665001550310184,0.0,0
compsvo14v,jar,board,-0.12166736738870315,-0.5968659206925575,-0.6278995561178445,2.6050784063451293,-0.020700299750659467,-0.4495031203312162,-0.9059561524155018,-0.2949090192236393,-0.3570435486078057,-0.05305784908505338,-0.8740550690873288,-0.875450400627552,-0.8034765626035956,0.0,0
compsvo14v,book,board,-0.12166736738870315,-0.5968659206925575,1.6837178985981087,2.6050784063451293,-0.602573893987224,0.059073931870723816,1.2668873226303095,-0.7484621051199398,-0.3043737473355636,-0.7828740111077974,-0.26485483298975077,1.2297834720459313,1.4123098511822174,0.0,0
compsvo16,balloon,table,-0.12166736738870315,-0.5968659206925575,-0.6282480394372745,-0.3832424471159501,0.42808884095815125,-0.4495031203312162,1.311752681188536,-0.7484621051199398,-0.3570435486078057,-0.04194871227410145,-0.6625377767659942,1.5240177774945138,-0.8053027946095308,0.0,0
compsvo16,book,table,-0.12166736738870315,-0.5968659206925575,1.6837178985981087,-0.3832424471159501,-0.602573893987224,2.366598040816922,1.2825381374108198,-0.7484621051199398,-0.3269864724984155,-0.24290178595430492,-0.6865581739076348,1.5240177774945138,1.3435526430308606,0.0,0
compsvo16a,balloon,table,-0.12166736738870315,-0.5968659206925575,-0.6282480394372745,-0.3832424471159501,-0.602573893987224,0.20284734841869745,0.902749068300511,-0.7484621051199398,-0.043078869931210344,0.9626805319854779,-0.7561498753257893,0.3392417331090761,1.8432595489531811,0.0,0
compsvo16a,book,table,-0.12166736738870315,-0.5968659206925575,1.6837178985981087,-0.3832424471159501,-0.602573893987224,2.366598040816922,1.2825381374108198,-0.7484621051199398,-0.3269864724984155,-0.24290178595430492,-0.6865581739076348,1.5240177774945138,1.3494119250754073,0.0,0
compsvo17,box,table,-0.12166736738870315,-0.5968659206925575,-0.6282480394372745,-0.3832424471159501,-0.45506712412024225,-0.4495031203312162,-0.9059561524155018,-0.6252114358610876,4.538751554580004,0.2911054260884739,-0.6806143202205664,1.5240177774945138,-0.8052941218451248,0.0,0
compsvo17,book,table,-0.12166736738870315,-0.5968659206925575,0.7522668191743811,-0.3832424471159501,-0.602573893987224,2.366598040816922,1.2449763593543017,-0.7484621051199398,-0.33778405176235204,-0.2429605322667411,-0.6866309817591216,1.5240177774945138,0.9897861572229473,0.0,0
compsvo18,box,table,-0.12166736738870315,-0.5968659206925575,-0.6282480394372745,-0.3832424471159501,-0.5321416879105415,-0.4495031203312162,-0.9059561524155018,-0.6046696576512788,-0.2996010320439984,1.294975531106766,-0.8722506581978969,-0.8472408610340056,0.969234637718072,0.0,0
compsvo18,book,table,-0.12166736738870315,-0.5968659206925575,1.6837178985981087,-0.3832424471159501,-0.602573893987224,2.366598040816922,1.2256736434374955,-0.7484621051199398,-0.33336929746134764,-0.242931254169281,-0.6866494669038057,1.5240177774945138,1.349324191447777,0.0,0
compsvo19,box,table,-0.12166736738870315,-0.5968659206925575,-0.6282480394372745,-0.3832424471159501,0.017104987182035025,-0.4495031203312162,-0.9059561524155018,-0.6046696576512788,-0.3570435486078057,1.6524439905182695,-0.8740550690873288,-0.875450400627552,0.9149904917845016,0.0,0
compsvo19,book,table,-0.12166736738870315,-0.5968659206925575,1.6837178985981087,-0.3832424471159501,-0.602573893987224,2.366598040816922,1.2256736434374955,-0.7484621051199398,-0.33336929746134764,-0.242931254169281,-0.6866494669038057,1.5240177774945138,1.3450310705310375,0.0,0
compsvo23v,jar,board,-0.12166736738870315,-0.5968659206925575,-0.628056044630395,2.6050784063451293,-0.602573893987224,0.19152406007195266,-0.9059561524155018,-0.2949090192236393,0.3939670891066752,-0.4663594502354702,-0.8225399352243266,-0.5073597448159186,-0.6583605446647098,0.0,0
compsvo23v,clock,board,-0.12166736738870315,-0.5968659206925575,1.62808668060732,2.6050784063451293,-0.602573893987224,6.368591495550767,-0.9059561524155018,-0.7484621051199398,3.7254551365956585,-0.7562662282300625,-0.8314620421571188,1.125414524542609,1.7232180957153025,0.0,0
compsvo24,pear,table,-0.12166736738870315,-0.5968659206925575,1.363237573002926,-0.3832424471159501,-0.45846539593885727,-0.4495031203312162,1.311752681188536,-0.7484621051199398,-0.3570435486078057,0.6802039267502105,-0.8630636574547424,1.5240177774945138,1.8432595489531811,0.0,0
compsvo24,book,table,-0.12166736738870315,-0.5968659206925575,1.669649817061757,-0.3832424471159501,-0.602573893987224,1.0696446200788872,1.2559316192214223,-0.7484621051199398,-0.3407180677905284,0.8965392185304144,-0.7811313312869396,0.6015266398723279,1.5072166464218617,0.0,0
compsvo24v,jar,board,-0.12166736738870315,-0.5968659206925575,-0.6280626200002406,2.6050784063451293,-0.026471944974116514,-0.4495031203312162,-0.9059561524155018,-0.2949090192236393,-0.3570435486078057,-0.0284520796975388,-0.8740550690873288,-0.875450400627552,-0.7979214166408924,0.0,0
compsvo24v,clock,board,-0.12166736738870315,-0.5968659206925575,1.62808668060732,2.6050784063451293,-0.602573893987224,6.368591495550767,-0.9059561524155018,-0.7484621051199398,3.7254551365956585,-0.7562662282300625,-0.8314620421571188,1.125414524542609,1.7269097281238188,0.0,0
compsvo26,balloon,table,-0.12166736738870315,-0.5968659206925575,-0.6282480394372745,-0.3832424471159501,0.42808884095815125,-0.4495031203312162,1.311752681188536,-0.7484621051199398,-0.3570435486078057,-0.04194871227410145,-0.6625377767659942,1.5240177774945138,-0.8053027946095308,0.0,0
compsvo26,book,table,-0.12166736738870315,-0.5968659206925575,1.6837178985981087,-0.3832424471159501,-0.602573893987224,1.328047938726526,1.2825381374108198,-0.7484621051199398,-0.338950617040401,0.909163972178717,-0.7611908730934936,0.5689152279166532,1.1845904999402692,0.0,0
compsvo27,box,table,-0.12166736738870315,-0.5968659206925575,-0.6282480394372745,-0.3832424471159501,-0.45504723199747316,-0.4495031203312162,-0.9059561524155018,-0.7484621051199398,4.538752044159563,0.2910789997537534,-0.6806290938759659,1.5240177774945138,-0.805294103915682,0.0,0
compsvo27,book,table,-0.12166736738870315,-0.5968659206925575,1.6837178985981087,-0.3832424471159501,-0.602573893987224,1.0581232569213144,1.249149865608261,-0.7484621051199398,-0.3458062045047488,0.7204457211215517,-0.7659822611565147,0.5082350771601243,1.5070861385123828,0.0,0
compsvo28,box,table,-0.12166736738870315,-0.5968659206925575,-0.6282480394372745,-0.3832424471159501,-0.5362527656777476,-0.4495031203312162,-0.9059561524155018,-0.6252114358610876,-0.3007185463460035,1.2988216084549349,-0.8722800936820057,-0.8478039202366837,0.9234633155570232,0.0,0
compsvo28,book,table,-0.12166736738870315,-0.5968659206925575,1.6837178985981087,-0.3832424471159501,-0.602573893987224,0.956078696661053,1.2157615938057023,-0.7484621051199398,-0.30701468635217005,0.94151665010717,-0.7702892998678871,0.42702027773522677,1.0890616898342396,0.0,0
compsvo29,box,table,-0.12166736738870315,-0.5968659206925575,-0.6282480394372745,-0.3832424471159501,0.009912476046504025,-0.4495031203312162,-0.9059561524155018,-0.6252114358610876,-0.3570435486078057,1.693389599933749,-0.8740550690873288,-0.875450400627552,0.7176808077323447,0.0,0
compsvo29,book,table,-0.12166736738870315,-0.5968659206925575,1.6837178985981087,-0.3832424471159501,-0.602573893987224,0.956078696661053,1.2157615938057023,-0.7484621051199398,-0.30701468635217005,0.94151665010717,-0.7702892998678871,0.42702027773522677,1.2449315701746626,0.0,0
compsvo34v,jar,board,-0.12166736738870315,-0.5968659206925575,-0.6280652498614951,2.6050784063451293,-0.602573893987224,0.19152406007195266,-0.9059561524155018,-0.2949090192236393,0.3939670891066752,-0.4663594502354702,-0.8225399352243266,-0.5073597448159186,-0.6597817510348787,0.0,0
compsvo34v,book,board,-0.12166736738870315,-0.5968659206925575,-0.6282480394372745,2.6050784063451293,0.6014579191946573,-0.4495031203312162,-0.9059561524155018,-0.747341029607689,-0.3570435486078057,0.5616609026020611,-0.8740550690873288,-0.875450400627552,-0.8048462758895374,0.0,0
compsvo67,balloon,table,-0.12166736738870315,-0.5968659206925575,-0.6282480394372745,-0.3832424471159501,0.42808884095815125,-0.4495031203312162,1.311752681188536,-0.7484621051199398,-0.3570435486078057,-0.04194871227410145,-0.6625377767659942,1.5240177774945138,-0.8053027946095308,0.0,0
compsvo67,box,table,-0.12166736738870315,-0.5968659206925575,-0.6282480394372745,-0.3832424471159501,-0.4550842331035958,-0.4495031203312162,-0.9059561524155018,-0.7484621051199398,4.538752044159563,0.2911278599553587,-0.6806011613040118,1.5240177774945138,-0.805294334274392,0.0,0
compsvo68,balloon,table,-0.12166736738870315,-0.5968659206925575,-0.6282480394372745,-0.3832424471159501,0.3607069849769543,-0.4495031203312162,1.311752681188536,-0.7484621051199398,-0.3570435486078057,0.4302910298861283,-0.6612353814351942,1.5240177774945138,-0.8053027946095308,0.0,0
compsvo68,box,table,-0.12166736738870315,-0.5968659206925575,-0.6282480394372745,-0.3832424471159501,-0.44516553437396306,-0.4495031203312162,-0.9059561524155018,-0.6046696576512788,-0.35110029754796573,1.2628951014611884,-0.873868312079948,-0.8725312556314122,0.943275747118521,0.0,0
compsvo68a,balloon,table,-0.12166736738870315,-0.5968659206925575,-0.6282480394372745,-0.3832424471159501,-0.602573893987224,0.20284734841869745,0.902749068300511,-0.7484621051199398,-0.043078869931210344,0.9626805319854779,-0.7561498753257893,0.3392417331090761,1.8432595489531811,0.0,0
compsvo68a,box,table,-0.12166736738870315,-0.5968659206925575,-0.6282480394372745,-0.3832424471159501,-0.44516553437396306,-0.4495031203312162,-0.9059561524155018,-0.6046696576512788,-0.35110029754796573,1.2628951014611884,-0.873868312079948,-0.8725312556314122,0.9456960696021273,0.0,0
compsvo69a,balloon,table,-0.12166736738870315,-0.5968659206925575,-0.6282480394372745,-0.3832424471159501,-0.5946032346488692,0.14549786896224368,1.0595337643971656,-0.7484621051199398,-0.18319232941200267,0.9777758627538723,-0.7606005293920143,0.29338957585288816,1.1811189630625032,0.0,0
compsvo69a,box,table,-0.12166736738870315,-0.5968659206925575,-0.6282480394372745,-0.3832424471159501,0.13407037610190933,-0.4495031203312162,-0.9059561524155018,-0.6046696576512788,-0.3570435486078057,1.730515748453296,-0.8740550690873288,-0.875450400627552,0.5723295603112634,0.0,0
compsvo78,box,table,-0.12166736738870315,-0.5968659206925575,-0.6282480394372745,-0.3832424471159501,-0.5321416879105415,-0.4495031203312162,-0.9059561524155018,-0.6046696576512788,-0.2996010320439984,1.294975531106766,-0.8722506581978969,-0.8472408610340056,0.8564393928173526,0.0,0
compsvo78,box (1),table,-0.12166736738870315,-0.5968659206925575,-0.6282480394372745,-0.3832424471159501,-0.28299185415744577,-0.4495031203312162,-0.9059561524155018,-0.6046696576512788,2.7113395479302667,0.16263484549115556,-0.6914783795695294,0.631395939594045,0.8255726433597153,0.0,0
compsvo79,box,table,-0.12166736738870315,-0.5968659206925575,-0.6282480394372745,-0.3832424471159501,0.1917027482299301,-0.4495031203312162,-0.9059561524155018,-0.6046696576512788,-0.3570435486078057,1.8093213599999851,-0.8740550690873288,-0.875450400627552,0.9526864201954924,0.0,0
compsvo79,box (1),table,-0.12166736738870315,-0.5968659206925575,-0.6282480394372745,-0.3832424471159501,-0.28299185415744577,-0.4495031203312162,-0.9059561524155018,-0.6046696576512788,2.7113395479302667,0.16263484549115556,-0.6914783795695294,0.631395939594045,0.8229064018625091,0.0,0
compsvo89,box,table,-0.12166736738870315,-0.5968659206925575,-0.6282480394372745,-0.3832424471159501,-0.5321416879105415,-0.4495031203312162,-0.9059561524155018,-0.6046696576512788,-0.2996010320439984,1.294975531106766,-0.8722506581978969,-0.8472408610340056,0.8564393928173526,0.0,0
compsvo89,box (1),table,-0.12166736738870315,-0.5968659206925575,-0.6282480394372745,-0.3832424471159501,0.24416375436208984,-0.4495031203312162,-0.9059561524155018,-0.6046696576512788,-0.3570435486078057,2.6831470916237206,-0.8740550690873288,-0.875450400627552,0.8255336432792063,0.0,0
compsvu15,book,balloon,-0.12166736738870315,-0.5968659206925575,-0.6274330686697578,2.6050784063451293,0.6464938023285673,-0.4495031203312162,-0.9059561524155018,1.6343840719040235,-0.3570435486078057,-0.914483032647075,0.2532155678620784,1.5240177774945138,-0.805255454696186,0.0,0
compsvu15,table,balloon,-0.12166736738870315,-0.5968659206925575,-0.6282480394372745,2.6050784063451293,1.0518123561030994,-0.4495031203312162,-0.9059561524155018,1.6343840719040235,-0.3570435486078057,0.3450187611510743,1.536002907966404,-0.6440917833131616,-0.8052897331786458,0.0,0
compsvu16,book,balloon,-0.12166736738870315,-0.5968659206925575,-0.6259289826997071,2.6050784063451293,1.3206003438295224,-0.4495031203312162,-0.9059561524155018,1.6343840719040235,-0.3570435486078057,0.3740344964391392,-0.8740550690873288,-0.875450400627552,-0.8048207326245835,0.0,0
compsvu16,table,balloon,-0.12166736738870315,-0.5968659206925575,-0.6282480394372745,2.6050784063451293,1.0518123561030994,-0.4495031203312162,-0.9059561524155018,1.6343840719040235,-0.3570435486078057,0.3450187611510743,1.536002907966404,-0.6440917833131616,-0.8052886531075027,0.0,0
compsvu17,box,table,-0.12166736738870315,-0.5968659206925575,-0.6282480394372745,-0.3832424471159501,-0.4551055314441747,-0.4495031203312162,-0.9059561524155018,-0.6252114358610876,4.538752044159563,0.42441373699728524,-0.6806143202205664,1.5240177774945138,-0.8052967507147453,0.0,0
compsvu17,box (1),table,-0.12166736738870315,-0.5968659206925575,-0.6282477029472784,-0.3832424471159501,-0.45570780281366785,-0.4495031203312162,-0.9059561524155018,-0.6252114358610876,0.519055645661,2.062434314892954,-0.8394853179673688,-0.44606724978033296,-0.805285729309209,0.0,0
compsvu23,box,book,-0.12166736738870315,-0.5968659206925575,-0.6282480394372745,-0.3832424471159501,-0.602573893987224,-0.3288714325206148,-0.9059561524155018,1.2235485077078494,-0.32415837700788863,1.1242766182136865,1.2303914090875445,0.7681593871297393,-0.5447078918004704,0.0,0
compsvu23,pear,book,-0.12166736738870315,-0.5968659206925575,-0.6119457919286684,-0.3832424471159501,0.18616635152758568,-0.4495031203312162,-0.9059561524155018,1.6343840719040235,-0.3570435486078057,-0.2587619594894655,-0.8740550690873288,-0.875450400627552,-0.7718388609449525,0.0,0
compsvu25,book (1),book,-0.12166736738870315,-0.5968659206925575,0.9304840199180572,-0.3832424471159501,-0.602573893987224,-0.24541392984431806,-0.9059561524155018,-0.7484621051199398,1.8456840648199522,-0.6803734071456222,0.4571722673035975,0.20412384084993757,0.27094852559826654,0.0,0
compsvu25,cube,book,-0.12166736738870315,-0.5968659206925575,-0.5805254558093608,-0.3832424471159501,-0.602573893987224,1.2996562829561276,-0.9059561524155018,-0.4506063329919444,4.376559231966772,-0.7977300219470826,-0.013499523313515656,1.5115069504137857,1.200524979353787,0.0,0
compsvu25,table,book,-0.12166736738870315,-0.5968659206925575,-0.6282480394372745,-0.3832424471159501,-0.12833103907127433,-0.4495031203312162,-0.9059561524155018,1.173550676083062,-0.35643824712810274,0.10309365172067093,1.536002907966404,-0.7249718329325295,-0.8032106468780879,0.0,0
compsvu25a,box,balloon,-0.12166736738870315,-0.5968659206925575,-0.6282480394372745,2.6050784063451293,3.3558794372986753,-0.4495031203312162,-0.9059561524155018,1.6343840719040235,-0.3570435486078057,3.390036335995516,-0.8740550690873288,-0.875450400627552,-0.805196939147547,0.0,0
compsvu25a,table,balloon,-0.12166736738870315,-0.5968659206925575,-0.6282480394372745,2.6050784063451293,0.8754864119592612,-0.4495031203312162,-0.9059561524155018,1.6343840719040235,-0.3570435486078057,-0.4385500105862653,1.536002907966404,-0.6440917593184798,-0.805289087329367,0.0,0
compsvu34,picture,book (1),-0.12166736738870315,-0.5968659206925575,-0.6282480394372745,-0.3832424471159501,-0.1586613994582855,-0.4495031203312162,-0.9059561524155018,0.20467636568964565,-0.2950282120864859,-0.8626692603721415,1.536002907966404,0.19592005914893806,-0.8048276390157506,0.0,0
compsvu34,table,book (1),-0.12166736738870315,-0.5968659206925575,-0.6282480394372745,-0.3832424471159501,-0.4374760717236588,-0.4495031203312162,-0.9059561524155018,1.6343840719040235,-0.3570435486078057,0.0563416632498069,1.536002907966404,-0.6891015832707381,-0.8050303876550033,0.0,0
compsvu53,box,book,-0.12166736738870315,-0.5968659206925575,-0.6282480394372745,-0.3832424471159501,0.8277587935675917,-0.4495031203312162,-0.9059561524155018,1.6343840719040235,-0.3570435486078057,1.1296360309890146,0.5199981406610299,0.5912981869226291,-0.8052968096737295,0.0,0
compsvu53,table,book,-0.12166736738870315,-0.5968659206925575,-0.6282480394372745,-0.3832424471159501,-0.47461337590045233,-0.4495031203312162,-0.9059561524155018,1.173550676083062,-0.35695286515686364,-0.2429605322667411,1.536002907966404,-0.6888498550641714,-0.8047318709080369,0.0,0
compsvu56,box,balloon,-0.12166736738870315,-0.5968659206925575,-0.6282480394372745,2.6050784063451293,2.2531623947367074,-0.4495031203312162,-0.9059561524155018,1.6343840719040235,-0.3570435486078057,1.248946179314122,0.13675698730068556,0.9594879407700189,-0.8052035324521594,0.0,0
compsvu56,table,balloon,-0.12166736738870315,-0.5968659206925575,-0.6282480394372745,2.6050784063451293,1.1711293513479668,-0.4495031203312162,-0.9059561524155018,1.6343840719040235,-0.3570435486078057,1.699646367384478,-0.8740550690873288,-0.875450400627552,-0.805290321676618,0.0,0
compsvu63,box,book,-0.12166736738870315,-0.5968659206925575,-0.6282480394372745,-0.3832424471159501,1.1050280324598987,-0.4495031203312162,-0.9059561524155018,1.6343840719040235,-0.3570435486078057,-0.07558145143761268,-0.8740550690873288,-0.875450400627552,-0.8052968080958485,0.0,0
compsvu63,table,book,-0.12166736738870315,-0.5968659206925575,-0.6282480394372745,-0.3832424471159501,-0.5414654393217744,-0.4495031203312162,-0.9059561524155018,1.173550676083062,-0.35695286515686364,-0.2664936586291263,1.536002907966404,-0.6888498790588531,-0.8047241167120637,0.0,0
compsvu67,box,balloon,-0.12166736738870315,-0.5968659206925575,-0.6282480394372745,2.6050784063451293,2.321114354854997,-0.4495031203312162,-0.9059561524155018,1.6343840719040235,-0.3570435486078057,0.3719778051513242,-0.7322364124565903,-0.875450400627552,-0.805205969692335,0.0,0
compsvu67,table,balloon,-0.12166736738870315,-0.5968659206925575,-0.6282480394372745,2.6050784063451293,2.2653308661849345,-0.4495031203312162,-0.9059561524155018,1.6343840719040235,-0.3570435486078057,2.6196193236607614,-0.8740550690873288,-0.875450400627552,-0.8052904898358276,0.0,0
compsvu67a,box,balloon,-0.12166736738870315,-0.5968659206925575,-0.6282480394372745,2.6050784063451293,7.074399784392956,-0.4495031203312162,-0.9059561524155018,1.6343840719040235,-0.3570435486078057,6.2233139495383805,-0.8740550690873288,-0.875450400627552,-0.8051948833069703,0.0,0
compsvu67a,table,balloon,-0.12166736738870315,-0.5968659206925575,-0.6282480394372745,2.6050784063451293,0.9365265185799095,-0.4495031203312162,-0.9059561524155018,1.6343840719040235,-0.3570435486078057,1.4080384178569436,-0.7818790276737408,-0.875450400627552,-0.8052892697464499,0.0,0
compsvul,pencil,lamp,8.205788000549202,-0.5968659206925575,0.27607628124229666,2.6050784063451293,-0.602573893987224,2.7307870218565733,-0.9059561524155018,-0.7484621051199398,3.1695669218104805,-0.7264050403484581,-0.36820607223713914,0.8529693097259172,0.6169716745385402,0.0,0
compsvul,bowl,lamp,8.205788000549202,-0.5968659206925575,-0.6282480394372745,2.6050784063451293,-0.40508779946049034,-0.4495031203312162,-0.9059561524155018,-0.7484621051199398,2.7961352171765568,-0.1420254319781082,-0.36495731408407067,0.6699474749714786,-0.8033437704613876,0.0,0
compsvula,pencil,lamp,8.205788000549202,-0.5968659206925575,0.27609755132892666,2.6050784063451293,-0.602573893987224,2.7307870218565733,-0.9059561524155018,-0.7484621051199398,3.1695669218104805,-0.7264050403484581,-0.36820607223713914,0.8529693097259172,0.6662722788578508,0.0,0
compsvula,bowl,lamp,8.205788000549202,-0.5968659206925575,-0.6282480394372745,2.6050784063451293,1.5070900201563664,-0.4495031203312162,-0.9059561524155018,-0.7484621051199398,-0.3570435486078057,1.2033636036840185,-0.8740550690873288,-0.875450400627552,-0.8037459947524914,0.0,0
compsvinew2,mug,shelf,-0.12166736738870315,-0.5968659206925575,1.6837178985981087,-0.3832424471159501,-0.602573893987224,2.0920751687723476,-0.9059561524155018,-0.7484621051199398,3.938588212351634,-0.38936565861602035,-0.5404594230137074,1.2298727322621572,1.117380118411612,0.16666666666666666,1
compsvinew2,box,shelf,-0.12166736738870315,-0.5968659206925575,-0.5505560193460927,-0.3832424471159501,-0.602573893987224,-0.06612572070475049,-0.9059561524155018,-0.712556211329916,4.456150670497951,-0.54059919951851,-0.6731115205310411,1.5240177774945138,0.07144747403429257,0.0,0
