,scene,figure,ground,Distinct Prototype,Shared Prototype,Baseline Model
0,compsva12,box,book,0.3998214914882333,0.3665380777779529,0.5129832942704358
1,compsva12,box,table,0.4969691855767597,0.4092875257607328,0.545399027687709
2,compsva12,box,pear,0.11111285861258167,0.09853662983254023,0.212919154957025
3,compsva12,book,box,0.09523875911990684,0.07826219818626991,0.21506122855452292
4,compsva12,book,table,0.871269272666802,0.6777629848587652,0.6968093096260481
5,compsva12,book,pear,0.11233367206351567,0.086209887447345,0.20201000617614756
6,compsva12,table,box,0.0879428221721747,0.07404286664072374,0.18150415845963863
7,compsva12,table,book,0.09501861177670863,0.07841750914356431,0.18544283061068795
8,compsva12,table,pear,0.0893668149970142,0.07434247784131506,0.18010866380970394
9,compsva12,pear,box,0.12939419068941338,0.09513202081715882,0.23003553573152138
10,compsva12,pear,book,0.5643697402820322,0.5240836176038081,0.5378876322069406
11,compsva12,pear,table,0.4837505459825534,0.4111460024404331,0.5409579120368494
12,compsva13,balloon,book,0.2849463653122374,0.31384606498183765,0.19221377590267205
13,compsva13,balloon,table,0.3392063633840419,0.35336383515600345,0.2065491063627446
14,compsva13,balloon,pear,0.28677320957753705,0.3168926165333282,0.19411877265578303
15,compsva13,book,balloon,0.08611609938659166,0.07334486098193208,0.17535288804273472
16,compsva13,book,table,0.8734998968512405,0.670614050105011,0.6878322680591397
17,compsva13,book,pear,0.09131731493895646,0.07514270293500203,0.18365449440785617
18,compsva13,table,balloon,0.08826255692333111,0.07354561173212719,0.17587514148268146
19,compsva13,table,book,0.09500877961637072,0.07841167607402318,0.18542326772143697
20,compsva13,table,pear,0.08877325960415264,0.07422505875220434,0.17959847430176654
21,compsva13,pear,balloon,0.08655256503790035,0.07358070458312617,0.1762255443530222
22,compsva13,pear,book,0.4342130831313219,0.4001676403644792,0.5484174323835503
23,compsva13,pear,table,0.4596889449935314,0.4037888342619426,0.534365418129049
24,compsva14,box,book,0.08568820170216862,0.07358737957751675,0.1922867252337243
25,compsva14,box,table,0.09523562993699054,0.07280073076823362,0.15157790551545036
26,compsva14,book,box,0.4458085303445323,0.4070614359145438,0.6748608155227932
27,compsva14,book,table,0.10711236311472484,0.07694205178830854,0.15409958569888152
28,compsva14,table,box,0.09413287322436907,0.08838223171776455,0.19491089267081657
29,compsva14,table,book,0.1024407957828462,0.09322264361410992,0.1975868627241548
30,compsva15,balloon,book,0.3037236422251716,0.3428832042099309,0.20413197513334552
31,compsva15,balloon,table,0.345601894061748,0.35032010158901244,0.20562820146579341
32,compsva15,balloon,pear,0.2877487418269787,0.32423207925507386,0.1984373416579801
33,compsva15,book,balloon,0.08944210991391957,0.07472250907745644,0.1874182448431822
34,compsva15,book,table,0.8734787029831124,0.6706126710390842,0.6878308943262275
35,compsva15,book,pear,0.09131727757762764,0.07514266782360454,0.18365435787154308
36,compsva15,table,balloon,0.08565431456483999,0.07274511966338575,0.17359149581861869
37,compsva15,table,book,0.09500907513493446,0.07841195340321938,0.1854242800022984
38,compsva15,table,pear,0.08877323977826099,0.07422503949452035,0.17959840038171346
39,compsva15,pear,balloon,0.08900070284573687,0.07448589404837683,0.18017730066628865
40,compsva15,pear,book,0.43585079680637656,0.40141792679319904,0.5501886369772288
41,compsva15,pear,table,0.455472843244674,0.40100353794584653,0.5307713547536052
42,compsva23,balloon,box,0.3235844766183783,0.3626099157727379,0.21240338650151552
43,compsva23,balloon,book,0.30368915706060645,0.34283561530360673,0.20411169337002266
44,compsva23,balloon,table,0.3456020016687298,0.3503199851001431,0.20562816957727167
45,compsva23,box,balloon,0.09032791756667218,0.07484102250566932,0.18958070133188204
46,compsva23,box,book,0.4107605679825752,0.3801005659342269,0.5291034925613325
47,compsva23,box,table,0.4925736433786061,0.4065112288616292,0.5428201222479611
48,compsva23,book,balloon,0.08945941192248817,0.07474121515055662,0.18748532067551604
49,compsva23,book,box,0.10120401038359897,0.08151925309954214,0.22126225884219558
50,compsva23,book,table,0.8420362258880278,0.6680259540907515,0.686792525187456
51,compsva23,table,balloon,0.08565428306538769,0.07274511221355415,0.173591359198212
52,compsva23,table,box,0.08781429912574226,0.07399683544897606,0.18144831391715024
53,compsva23,table,book,0.09501813520361953,0.07841820345340231,0.18544660442608307
54,compsva24,picture,bin,0.3335855502020795,0.31166991985077314,0.44971228401353125
55,compsva24,picture,table,0.1241986313930352,0.08838540917685947,0.20897194020612123
56,compsva24,bin,picture,0.16797660670205564,0.1481450919562892,0.2289432387270857
57,compsva24,bin,table,0.1142531514105233,0.08099913407397996,0.16716748627756
58,compsva24,table,picture,0.10656815245137978,0.09606094744262947,0.20758064551791866
59,compsva24,table,bin,0.108121336173885,0.09566545663575454,0.20257412747664286
60,compsva25,picture,bin,0.15273184101849632,0.17851759931677955,0.46831017353872384
61,compsva25,picture,table,0.12215343328097035,0.0933027826790716,0.22301202423294827
62,compsva25,bin,picture,0.18434952714835345,0.1477307020405686,0.2269911497194902
63,compsva25,bin,table,0.11778043859526313,0.09111088834103066,0.2152142067168262
64,compsva25,table,picture,0.10101948389664328,0.09333274187931204,0.20267883681296509
65,compsva25,table,bin,0.1030933813096238,0.09453533108426193,0.2037600587634909
66,compsva34,balloon,bin,0.3053568590854208,0.3407563475781428,0.20089590113045194
67,compsva34,balloon,table,0.35419634900382385,0.35882574300138664,0.21077561556823038
68,compsva34,bin,balloon,0.08876002263263881,0.07410800579147421,0.1842551546947004
69,compsva34,bin,table,0.10801629569290086,0.07842204872338561,0.15919105495322006
70,compsva34,table,balloon,0.0859672452766065,0.07327680208822207,0.1800632624871486
71,compsva34,table,bin,0.10790471486079063,0.0984919522422742,0.21274819761168012
72,compsvi12,pencil,cup,0.3554810353590012,0.5372293719292018,0.6240183674093885
73,compsvi12,pencil,table,0.4584083827950278,0.4070519350668514,0.5409762247535386
74,compsvi12,pencil,cube,0.11222367440343614,0.104443259388639,0.23015898048118708
75,compsvi12,cup,pencil,0.12366489449116333,0.09241533082632454,0.22923294222979965
76,compsvi12,cup,table,0.4813942628240612,0.4321850035753917,0.6012111259515934
77,compsvi12,cup,cube,0.12440594144971588,0.10472322961805428,0.24383220565055286
78,compsvi12,table,pencil,0.08999081324715055,0.0742162718677195,0.1797394114450991
79,compsvi12,table,cup,0.0903762274059489,0.07443068725442864,0.18093476230183242
80,compsvi12,table,cube,0.09018511393697123,0.07441366246196862,0.1804956256891204
81,compsvi12,cube,pencil,0.10586485901461144,0.0871622889612538,0.21842929805085362
82,compsvi12,cube,cup,0.2662451510546786,0.18049388852959936,0.3554146628484364
83,compsvi12,cube,table,0.480315976932717,0.4765876413233801,0.7310827652638495
84,compsvi13,table,pencil (1),0.08985858333321305,0.07438770101728477,0.18029897241011655
85,compsvi13,table,pencil,0.0965130546918345,0.07844789951978136,0.1841878650943932
86,compsvi13,table,mug,0.09641495337635672,0.07856980103929323,0.18477345024514447
87,compsvi13,pencil (1),table,0.4731767560721957,0.4128789019244692,0.5429455273673447
88,compsvi13,pencil (1),pencil,0.11834177161294253,0.1011467594907356,0.2244368380674893
89,compsvi13,pencil (1),mug,0.20780569423759696,0.2535981334704892,0.5270853526235354
90,compsvi13,pencil,table,0.4940093668209982,0.4609253695869408,0.673155862827919
91,compsvi13,pencil,pencil (1),0.12544178281021204,0.09306368022063667,0.2185391521812024
92,compsvi13,pencil,mug,0.21775724448897466,0.15198302803450367,0.4543420558770873
93,compsvi13,mug,table,0.5054502049110966,0.478798097509039,0.7176736196842141
94,compsvi13,mug,pencil (1),0.12486193856648595,0.08926667436208291,0.20689087413746754
95,compsvi13,mug,pencil,0.11800069627766947,0.09662881047851586,0.2153117098923524
96,compsvi14,bowl,ball,0.12419658069046467,0.0902112700796332,0.22154278054604395
97,compsvi14,bowl,table,0.5016399268937859,0.4500437766867729,0.6310837773379981
98,compsvi14,bowl,pencil,0.0929095934595128,0.07632776303324844,0.1970090697572147
99,compsvi14,ball,bowl,0.2623608612699789,0.18126564807254653,0.28042871992393803
100,compsvi14,ball,table,0.4775877996604215,0.4205919219802765,0.5547290467348005
101,compsvi14,ball,pencil,0.10374485709914844,0.0833737336376024,0.21540303493053273
102,compsvi14,table,bowl,0.0966344880340142,0.07851099377719464,0.184820007304716
103,compsvi14,table,ball,0.10429110372937912,0.08308723767062214,0.1891163829839271
104,compsvi14,table,pencil,0.08984265886049791,0.07426787249340802,0.18002125573646882
105,compsvi14,pencil,bowl,0.7830999807358229,0.7039123567359207,0.7086106407984784
106,compsvi14,pencil,ball,0.1240472696015839,0.09150576398804798,0.21106068193473415
107,compsvi14,pencil,table,0.4720018236885148,0.40908744500711897,0.5410526182820421
108,compsvi14a,bowl,cube,0.10894667560201438,0.08464067647440486,0.19863926787992878
109,compsvi14a,bowl,table,0.5000034673065546,0.4473882351314242,0.6295662005625402
110,compsvi14a,bowl,pear,0.10630045983368394,0.08289919510406997,0.20973478088672348
111,compsvi14a,cube,bowl,0.3425211161164751,0.5576105951244125,0.6242171813387913
112,compsvi14a,cube,table,0.4783674921048269,0.4132994591631548,0.5457419998181
113,compsvi14a,cube,pear,0.1551442558218393,0.11382641918920587,0.339371760176065
114,compsvi14a,table,bowl,0.09666645377027648,0.07850520409745057,0.18485351343059545
115,compsvi14a,table,cube,0.08996062434956621,0.07430070832323653,0.1799331503991614
116,compsvi14a,table,pear,0.08997562263211135,0.07431039432594055,0.18016691666415663
117,compsvi14a,pear,bowl,0.44420105258713016,0.5125148598569161,0.7820539172693725
118,compsvi14a,pear,cube,0.6744929699035167,0.5852143080021952,0.5319060306517939
119,compsvi14a,pear,table,0.4730672384332672,0.41000354589505894,0.5427462124165915
120,compsvi15,jar,pencil,0.09215338340831222,0.07582052248988841,0.18717690024534925
121,compsvi15,jar,table,0.2759306815368272,0.6039066365717318,0.7138921450417491
122,compsvi15,jar,box,0.12032136263050346,0.09252349216684876,0.23472004583364667
123,compsvi15,jar,pear,0.11248403021951443,0.0886599184116459,0.19685745247396963
124,compsvi15,pencil,jar,0.7582531656447709,0.6452608758914476,0.38351495477096903
125,compsvi15,pencil,table,0.4657699144854821,0.39844298364131503,0.5367446189602045
126,compsvi15,pencil,box,0.20396765241572964,0.15994397997513782,0.22968398260184547
127,compsvi15,pencil,pear,0.11357315508481555,0.08906209409397074,0.19852134304241784
128,compsvi15,table,jar,0.09604782227030938,0.078615839448668,0.18506266637554097
129,compsvi15,table,pencil,0.08870400352212836,0.0741099055218957,0.17855565601621703
130,compsvi15,table,box,0.09459309982987846,0.0782994659314361,0.18555156782456617
131,compsvi15,table,pear,0.10027172891265204,0.08218649084923893,0.1876320201744569
132,compsvi15,box,jar,0.11923088239789376,0.09330417180977774,0.2110175721329675
133,compsvi15,box,pencil,0.0925003317179079,0.0770116948709432,0.1867624473326917
134,compsvi15,box,table,0.4925202241524629,0.4699375602334576,0.7197478137689831
135,compsvi15,box,pear,0.12126224710947862,0.0899383567876367,0.20372859193917506
136,compsvi15,pear,jar,0.11767213645023188,0.10074271206685996,0.2207309601359883
137,compsvi15,pear,pencil,0.10330745151971736,0.08914960426096467,0.2010182471917337
138,compsvi15,pear,table,0.4817147269028913,0.4011949782095028,0.5427031589102093
139,compsvi15,pear,box,0.14436112330344888,0.08205503039592854,0.12425661037115045
140,compsvi16,table,bowl,0.09675749610044113,0.07845172167212455,0.18476507068965886
141,compsvi16,table,pear,0.10392533304745556,0.08308331529092562,0.18899657971539158
142,compsvi16,table,pencil,0.09009307475144336,0.07417168076727372,0.1798857975553637
143,compsvi16,bowl,table,0.4895442087865704,0.44221104603563743,0.6238723831193513
144,compsvi16,bowl,pear,0.1166362577270128,0.08973639028641905,0.20479938284233762
145,compsvi16,bowl,pencil,0.11107195913480823,0.0850154879174685,0.20479944209874673
146,compsvi16,pear,table,0.5019837114738873,0.4463773696960939,0.6138738525156676
147,compsvi16,pear,bowl,0.12210763464351025,0.10338891275985974,0.24135837162511609
148,compsvi16,pear,pencil,0.11787071473273668,0.09240534661979306,0.21120113088248343
149,compsvi16,pencil,table,0.4691833387671661,0.4104392913256579,0.5450639482207889
150,compsvi16,pencil,bowl,0.6591337193375555,0.7304924862110409,0.751819477194217
151,compsvi16,pencil,pear,0.11823391934262148,0.09252877916920656,0.20758395968733742
152,compsvi23,table,box,0.10447743132348908,0.09674699174787887,0.21149460943886542
153,compsvi23,table,box (1),0.10517996397973332,0.09463311134781653,0.20014892417303756
154,compsvi23,box,table,0.3551268051434895,0.3880091107662596,0.3154723307017261
155,compsvi23,box,box (1),0.10334295177300903,0.09296045957646346,0.18605380862408352
156,compsvi23,box (1),table,0.1060141299363642,0.07641219231452577,0.15284339780500156
157,compsvi23,box (1),box,0.09846811337866634,0.08092776333492657,0.1782792496876084
158,compsvi24,cup,table,0.4751314418032535,0.4436978627347916,0.6462604124732679
159,compsvi24,cup,cube,0.12068484343289874,0.10067039529006593,0.22973017192086492
160,compsvi24,cup,pencil,0.0915113758693013,0.07556543127118233,0.19627000246210302
161,compsvi24,table,cup,0.09048296636086008,0.07452598709639523,0.18130757384730212
162,compsvi24,table,cube,0.09667246787685012,0.07848981241560526,0.18444764899121457
163,compsvi24,table,pencil,0.08965470154536724,0.07399997445009221,0.17867313308974156
164,compsvi24,cube,cup,0.15322649812794506,0.11518887055254642,0.33835276790910446
165,compsvi24,cube,table,0.6295493730825296,0.7143297020980225,0.7300553502440065
166,compsvi24,cube,pencil,0.09121614074113464,0.07580083104140023,0.18994804589260544
167,compsvi24,pencil,cup,0.7789650400061594,0.6080377179273928,0.5655304894225187
168,compsvi24,pencil,table,0.4416009002847929,0.3917011100325874,0.532307691054414
169,compsvi24,pencil,cube,0.2958395276261401,0.3382712900456502,0.21671114955544069
170,compsvi24a,pear,cup,0.7521200877996855,0.6330888389302477,0.6194509904661086
171,compsvi24a,pear,table,0.4499695051310008,0.3946195976884287,0.5283477470721403
172,compsvi24a,pear,cube,0.28798588074331544,0.33698466879728284,0.2267249811302853
173,compsvi24a,cup,pear,0.10597020328744716,0.08255984037457316,0.22231063001602178
174,compsvi24a,cup,table,0.4752792795846024,0.4437361341963091,0.6462790827164275
175,compsvi24a,cup,cube,0.11434186324237232,0.09604269160360276,0.21295279246811663
176,compsvi24a,table,pear,0.08974029065749455,0.07427804094209962,0.17996207385890126
177,compsvi24a,table,cup,0.09056451409258652,0.07460572617358804,0.18161405035796613
178,compsvi24a,table,cube,0.09000598176793083,0.07428161048727222,0.17991229149592755
179,compsvi24a,cube,pear,0.09339985258197346,0.08052920779182475,0.21537063436780018
180,compsvi24a,cube,cup,0.2669363398873441,0.1544988015132754,0.3037457146691609
181,compsvi24a,cube,table,0.5001670609551645,0.4556394165742599,0.6578232899432046
182,compsvi25,jar,pencil,0.09224721415327118,0.07589092653539077,0.18746171769052844
183,compsvi25,jar,table,0.2780173589636095,0.6014187954097235,0.7139721136739341
184,compsvi25,jar,box,0.1212437975623294,0.0932406925771555,0.23803689522566387
185,compsvi25,jar,pencil (1),0.10586470696061503,0.08769185059040584,0.19295796132547977
186,compsvi25,pencil,jar,0.2937479665708259,0.5788716552997082,0.7142625753196187
187,compsvi25,pencil,table,0.4672869294178714,0.3994617954023229,0.5379730796042921
188,compsvi25,pencil,box,0.22149617172126496,0.16903949273168167,0.24348851179433736
189,compsvi25,pencil,pencil (1),0.3628587382962177,0.3290513336116824,0.4712840425930778
190,compsvi25,table,jar,0.09603821520700387,0.07860222557365494,0.18501867261268864
191,compsvi25,table,pencil,0.08871654914160013,0.07411256217681307,0.1785648878792616
192,compsvi25,table,box,0.08827342402067033,0.0741437994741803,0.18116496634762425
193,compsvi25,table,pencil (1),0.08583138995755127,0.07310493360199465,0.17788038715629542
194,compsvi25,box,jar,0.11828273525182655,0.09241178858847808,0.20824818358687447
195,compsvi25,box,pencil,0.09260321170017984,0.07710981746155338,0.18715013244739717
196,compsvi25,box,table,0.5031523538859118,0.4755617656742324,0.7326289146706735
197,compsvi25,box,pencil (1),0.10971006036995476,0.08778937039863703,0.202507525963277
198,compsvi25,pencil (1),jar,0.6008729771214794,0.5141457180030115,0.4339641316032503
199,compsvi25,pencil (1),pencil,0.4967099999468248,0.4544066417461865,0.3709333846436207
200,compsvi25,pencil (1),table,0.4467989027556675,0.3759938750903121,0.5260684775377711
201,compsvi25,pencil (1),box,0.6260378323998083,0.569167405718136,0.49573960406683304
202,compsvi26,cup,table,0.4750931080031698,0.44367952581454495,0.6462540715607373
203,compsvi26,cup,cube,0.1206737684389041,0.10055918875055214,0.22827505431060646
204,compsvi26,cup,pencil,0.105957140793728,0.09601384017849574,0.20346216097871367
205,compsvi26,table,cup,0.09691014795393288,0.07850321383566261,0.18489838925938648
206,compsvi26,table,cube,0.09663143037396214,0.07846543657560427,0.18434679113304553
207,compsvi26,table,pencil,0.09604996653039558,0.07858132542635374,0.184945115801469
208,compsvi26,cube,cup,0.1571995956632601,0.11680349803589125,0.34636878317848313
209,compsvi26,cube,table,0.6303122706249176,0.7194455351563388,0.73894724899701
210,compsvi26,cube,pencil,0.10647027384769424,0.09588299298555594,0.20325736590126248
211,compsvi26,pencil,cup,0.1127152796155714,0.08856946192585317,0.1979955745273905
212,compsvi26,pencil,table,0.3971496664714107,0.33547380137242305,0.4467552960436163
213,compsvi26,pencil,cube,0.11312963969614225,0.0886992321669686,0.19645611859929027
214,compsvi26a,lamp,pencil,0.11394957829783788,0.1037920806190866,0.23026330240693008
215,compsvi26a,lamp,bowl,0.10750995383369573,0.09989428098921292,0.21566318641109192
216,compsvi26a,lamp,table,0.470720740857719,0.4123629929167213,0.5698169269048653
217,compsvi26a,pencil,lamp,0.16497406707740767,0.11372083167281698,0.317991508220096
218,compsvi26a,pencil,bowl,0.1122300038161462,0.0902483018649194,0.2009295913185769
219,compsvi26a,pencil,table,0.4735188492342022,0.396385691994029,0.5315044760606554
220,compsvi26a,bowl,lamp,0.10709613930368324,0.08658712246637516,0.1914405158317469
221,compsvi26a,bowl,pencil,0.10507823072359808,0.08974211717790198,0.19330216722300092
222,compsvi26a,bowl,table,0.4971883444538258,0.4462622943604796,0.6285842286532728
223,compsvi26a,table,lamp,0.10629187246140476,0.08574373189051887,0.1915144018797689
224,compsvi26a,table,pencil,0.08734522174544232,0.07370295267534578,0.1780397008878568
225,compsvi26a,table,bowl,0.09669756810984018,0.07848299567409373,0.1848000496673096
226,compsvi3,table,pencil,0.0965241360953576,0.07845445252159193,0.1842078598806591
227,compsvi3,table,pear,0.09591388308721732,0.07859485332868482,0.18467623764920538
228,compsvi3,table,mug,0.09642516944282073,0.07857431331657169,0.18478173370486214
229,compsvi3,pencil,table,0.4938437615486577,0.4659597384525969,0.679347325582211
230,compsvi3,pencil,pear,0.11509453785171,0.08953418654384522,0.19970339651752977
231,compsvi3,pencil,mug,0.2167394514426432,0.15238403983229976,0.4570332170218871
232,compsvi3,pear,table,0.5089210402497477,0.4397077832550394,0.6051101953235555
233,compsvi3,pear,pencil,0.1123761957009166,0.09618061324585864,0.20494235593043403
234,compsvi3,pear,mug,0.1218666717223058,0.0963024443516346,0.22692069613752266
235,compsvi3,mug,table,0.4986386973819579,0.4746351550216951,0.7099763530335094
236,compsvi3,mug,pencil,0.1173550829324505,0.09583209112254258,0.21280656205347004
237,compsvi3,mug,pear,0.11889800987636726,0.09523321861327616,0.2178177625514182
238,compsvi34,table,pencil (1),0.08952285824011212,0.07425832278617313,0.1795333220589624
239,compsvi34,table,pencil,0.09652842245750226,0.07846360163913607,0.184243057692887
240,compsvi34,table,mug,0.09641900219636597,0.07857301078446059,0.18478242623447466
241,compsvi34,pencil (1),table,0.4659558915312951,0.4030663449905644,0.5368861704159861
242,compsvi34,pencil (1),pencil,0.2988917881744333,0.3424736882406008,0.20770204787127433
243,compsvi34,pencil (1),mug,0.7574908619033756,0.6106421815530794,0.5518868633495081
244,compsvi34,pencil,table,0.4848566526530032,0.4706106054404365,0.7007833654042397
245,compsvi34,pencil,pencil (1),0.09112655359418673,0.07558126781135509,0.19154587850451865
246,compsvi34,pencil,mug,0.21590334307372205,0.15268480155880498,0.4582248972206931
247,compsvi34,mug,table,0.5019999279297299,0.4758162730958017,0.7126741035239638
248,compsvi34,mug,pencil (1),0.09173625018578893,0.07554695997274151,0.1950845463540028
249,compsvi34,mug,pencil,0.11757465797289547,0.09591753948598143,0.2133582690094651
250,compsvi36,table,pencil,0.09652413401095124,0.07845445188945183,0.18420785664754746
251,compsvi36,table,pear,0.0959138307928364,0.07859480585747987,0.18467606551579582
252,compsvi36,table,mug,0.09642478670098764,0.07857396727418221,0.18478048104502937
253,compsvi36,pencil,table,0.4938589618625747,0.4659084005363761,0.6792583283095713
254,compsvi36,pencil,pear,0.11509395055122025,0.08953370859422383,0.1997018716710526
255,compsvi36,pencil,mug,0.21673967331518587,0.1523862340176379,0.45704453501564724
256,compsvi36,pear,table,0.5093560122705438,0.4395066199965984,0.6049984383560947
257,compsvi36,pear,pencil,0.1123761957009166,0.09618061324585864,0.20494235593043403
258,compsvi36,pear,mug,0.1218403350991106,0.096295186003496,0.22686946268370142
259,compsvi36,mug,table,0.4991371142910615,0.4730811424989011,0.7086053982359066
260,compsvi36,mug,pencil,0.11735496824754264,0.09583206556876274,0.21280644342722352
261,compsvi36,mug,pear,0.11888989419420724,0.09523064051104073,0.2178008028612783
262,compsvi45,table,pencil,0.09651469724414416,0.07845111143205759,0.18419798600306614
263,compsvi45,table,cup,0.10453099559092098,0.08299770435359577,0.18946336561347818
264,compsvi45,table,mug,0.0964513708800197,0.07860262165699251,0.18488951598079875
265,compsvi45,pencil,table,0.4870474318268162,0.4725847943416037,0.7042505527191237
266,compsvi45,pencil,cup,0.12948430901044894,0.0944347463674066,0.22211531186927122
267,compsvi45,pencil,mug,0.2166936145070056,0.1521666036219008,0.4559995602252912
268,compsvi45,cup,table,0.4838662214114674,0.4537743137819886,0.6575994566938219
269,compsvi45,cup,pencil,0.11730646308140515,0.10208528838404997,0.22516866315532447
270,compsvi45,cup,mug,0.12186364806245024,0.10084857775337723,0.22902918685818685
271,compsvi45,mug,table,0.4988879577146789,0.4732706125934837,0.7081211964519798
272,compsvi45,mug,pencil,0.12403224992891175,0.10288820973558327,0.23512212965251247
273,compsvi45,mug,cup,0.1249156800693597,0.09682184068415164,0.2432388646697431
274,compsvi46,bowl,ball,0.11697487591684536,0.08964232822524745,0.20220394570488226
275,compsvi46,bowl,table,0.495456823140836,0.445843167671814,0.6250000834823843
276,compsvi46,bowl,pencil,0.09348875055051016,0.07661810918375432,0.19788753749827867
277,compsvi46,ball,bowl,0.15040267301971028,0.12151226742368545,0.31787739746858656
278,compsvi46,ball,table,0.48055198304972707,0.4220765708107291,0.5563453632840015
279,compsvi46,ball,pencil,0.1263228163807779,0.1168641454225463,0.3545699057718364
280,compsvi46,table,bowl,0.09662507698833084,0.07850244041515153,0.18478902236697034
281,compsvi46,table,ball,0.10409966521092542,0.08296077984167824,0.1886508495135389
282,compsvi46,table,pencil,0.08984515487948314,0.07426926432675775,0.180029974950063
283,compsvi46,pencil,bowl,0.8125899187863661,0.7004239187284371,0.6905043427683684
284,compsvi46,pencil,ball,0.11505165927836597,0.08928078225960899,0.1989103324194865
285,compsvi46,pencil,table,0.478287125294994,0.4132878628523856,0.5463387383051792
286,compsvinew1,plate,table,0.5124167793632203,0.4856923607114884,0.7373839055147486
287,compsvinew1,plate,cube,0.11141978585830437,0.0872670665656977,0.1985488946030596
288,compsvinew1,plate,pencil,0.12486696338230124,0.1063076268236616,0.2430487978072406
289,compsvinew1,table,plate,0.09550583127042604,0.07854544406757688,0.18609442975109808
290,compsvinew1,table,cube,0.08914024885373373,0.0743219555170174,0.1799301487343869
291,compsvinew1,table,pencil,0.09334824224119333,0.0777018402838395,0.18161069061525767
292,compsvinew1,cube,plate,0.3791788335226557,0.4940293690362762,0.637852734302466
293,compsvinew1,cube,table,0.4909689767374588,0.41307293564731373,0.5440505523065882
294,compsvinew1,cube,pencil,0.11341542145872055,0.0962898900353909,0.205839945105004
295,compsvinew1,pencil,plate,0.2015497673237662,0.16596080386633408,0.23822515043778014
296,compsvinew1,pencil,table,0.41307282007206136,0.3345684270983593,0.45247247690893383
297,compsvinew1,pencil,cube,0.09901639639194684,0.08092334018571025,0.19118919648601254
298,compsvinew2,mug,table,0.4037972270337735,0.3620795343647187,0.5064233438474259
299,compsvinew2,mug,box,0.29315572442291193,0.33282767535533553,0.2079937101161387
300,compsvinew2,table,mug,0.08892242939323859,0.07418226604311301,0.1776895250566823
301,compsvinew2,table,box,0.10298217104939678,0.08302752549367426,0.189080156519418
302,compsvinew2,box,mug,0.09298006570499397,0.07995334946172039,0.2038681987063917
303,compsvinew2,box,table,0.4990735090686185,0.4889095547397835,0.750934819327749
304,compsvo12,box,book (1),0.10898050805241233,0.1024341043188899,0.3002123249385481
305,compsvo12,box,book,0.0935756269978226,0.09041800260637896,0.23769201194319406
306,compsvo12,box,table,0.3613090838959592,0.3756881842575736,0.2915389618440702
307,compsvo12,book (1),box,0.2780971444873146,0.3069253113963589,0.18731011629100217
308,compsvo12,book (1),book,0.11068448866988226,0.08827579019198532,0.19648482827518962
309,compsvo12,book (1),table,0.9321739637334092,0.6641826773963312,0.6754762251471131
310,compsvo12,book,box,0.2517361501411267,0.26669545597893496,0.1614828841876848
311,compsvo12,book,book (1),0.11077571580207196,0.08874269974468234,0.19707860717616052
312,compsvo12,book,table,0.4498873315327006,0.41493332259266624,0.6828328229581069
313,compsvo12,table,box,0.1085508310854907,0.0955083106259202,0.20314895209190764
314,compsvo12,table,book (1),0.0958668825891129,0.078599551493672,0.18600421039700377
315,compsvo12,table,book,0.09149712151767947,0.07739810161185097,0.18911099067955583
316,compsvo12v,board,book,0.09116196446256544,0.07533598221184139,0.20113071547363265
317,compsvo12v,board,table,0.5017972556689094,0.43069972885034985,0.5982493236555405
318,compsvo12v,board,clock,0.17137000007281858,0.16099661427175513,0.22051439828538125
319,compsvo12v,book,board,0.5129847952359491,0.4578534796862023,0.625935021478101
320,compsvo12v,book,table,0.2580546915030019,0.2408331976387406,0.40145931071919555
321,compsvo12v,book,clock,0.2963877375869243,0.3353972955464927,0.21374713694381073
322,compsvo12v,table,board,0.08991359192142745,0.07518758699645632,0.18256150422477604
323,compsvo12v,table,book,0.08367236376836623,0.07085988349217325,0.15822662831655396
324,compsvo12v,table,clock,0.08389630345997301,0.07139990184314587,0.16261035017014894
325,compsvo12v,clock,board,0.5053695424223125,0.15915910911001951,0.20481171426793301
326,compsvo12v,clock,book,0.09112926152500896,0.07594213698380517,0.1879159937882837
327,compsvo12v,clock,table,0.29165154795754034,0.26763631701033497,0.4288383704646294
328,compsvo13v,jar,board,0.11858813097455495,0.09059584703174713,0.21932339012462934
329,compsvo13v,jar,book,0.08792492751621861,0.07382619513108132,0.1765596814653869
330,compsvo13v,jar,table,0.2783910538817947,0.5896366351767863,0.7010117306728741
331,compsvo13v,board,jar,0.10629484176623734,0.09725772244860313,0.2126387910542374
332,compsvo13v,board,book,0.09125465054865647,0.07542404165771123,0.20152533544894324
333,compsvo13v,board,table,0.503872288938139,0.4318514420394716,0.5998973011538151
334,compsvo13v,book,jar,0.2802304871218545,0.3149405912915645,0.19286324591056747
335,compsvo13v,book,board,0.5142382582006901,0.4586587140049354,0.6269991737473554
336,compsvo13v,book,table,0.26024720826862696,0.24279355374671535,0.4059684392405642
337,compsvo13v,table,jar,0.09442731022811868,0.07752937916407883,0.1837476433855021
338,compsvo13v,table,board,0.08990591285749247,0.07518013911705496,0.18253284766677533
339,compsvo13v,table,book,0.08367321306879091,0.07086073427578482,0.15822954195038771
340,compsvo14,book (1),book,0.6365688320721069,0.588776532135061,0.5095420381845963
341,compsvo14,book (1),table,0.4981125642165937,0.4117095389664964,0.5457755474692045
342,compsvo14,book,book (1),0.09412338557172543,0.07722457187595523,0.2110909752912016
343,compsvo14,book,table,0.914274283210522,0.673840210051482,0.69231847731239
344,compsvo14,table,book (1),0.08833691314167212,0.07416110212645699,0.18114232568715632
345,compsvo14,table,book,0.09493895675250172,0.07838994085353729,0.18534311507613868
346,compsvo14a,box,book,0.09372967085446388,0.0801059502067101,0.21038531407997907
347,compsvo14a,box,table,0.5169746780771658,0.4471916224087645,0.6405894836695466
348,compsvo14a,book,box,0.4057805345825241,0.3771244803774549,0.5962915206458773
349,compsvo14a,book,table,0.431506589362851,0.3774724916573714,0.5194806989483494
350,compsvo14a,table,box,0.09416911460591028,0.07816580388976925,0.18547167341809234
351,compsvo14a,table,book,0.08836889801343649,0.07392483493053734,0.17839959791555493
352,compsvo14v,jar,board,0.11072937622817763,0.08797168003680794,0.19665322584331918
353,compsvo14v,jar,book,0.08611053929064169,0.07280231034451802,0.1695242240643774
354,compsvo14v,jar,table,0.2776204933030647,0.5699080123764995,0.6829312234539701
355,compsvo14v,board,jar,0.10693930452531547,0.10020781866811093,0.21629691665194642
356,compsvo14v,board,book,0.09123962970851232,0.07540974899479548,0.20146125789659486
357,compsvo14v,board,table,0.5015802971863085,0.4305786681484711,0.5980760164739515
358,compsvo14v,book,jar,0.2801780593967222,0.30935991986867817,0.19840450603220686
359,compsvo14v,book,board,0.5140096879332695,0.4585112854948042,0.6268044421793749
360,compsvo14v,book,table,0.25853308361119204,0.24137912220776586,0.4027117255675464
361,compsvo14v,table,jar,0.09539632555854023,0.07772674911876007,0.18481095118632326
362,compsvo14v,table,board,0.08990758852329446,0.07518176414477942,0.18253909997854323
363,compsvo14v,table,book,0.08367400114555304,0.07086152375824584,0.15823224566736402
364,compsvo16,balloon,book,0.2812808655879729,0.30667030324961325,0.18795706121673791
365,compsvo16,balloon,table,0.34864590521642624,0.3582183293250241,0.20943545355634438
366,compsvo16,book,balloon,0.08435943647888293,0.07243229787805057,0.1718754954769727
367,compsvo16,book,table,0.8811828870514592,0.6784341065627627,0.6905973207445563
368,compsvo16,table,balloon,0.08776320636382105,0.07374869782124444,0.1781108196157122
369,compsvo16,table,book,0.09564595003396817,0.07856214708410139,0.18591236884835938
370,compsvo16a,balloon,book,0.09132684274425533,0.0900807566254674,0.18512222834339562
371,compsvo16a,balloon,table,0.1037689311314155,0.10156488677801673,0.24882830627367203
372,compsvo16a,book,balloon,0.09385515889787194,0.07927278854368558,0.16575566245929887
373,compsvo16a,book,table,0.8797770562210427,0.6783375322867959,0.6905036118120398
374,compsvo16a,table,balloon,0.1050272181619871,0.08569890533916362,0.19610510123300337
375,compsvo16a,table,book,0.09564613111110626,0.07856231531767129,0.18591298330587758
376,compsvo17,box,book,0.08409081081641136,0.07258834829125309,0.18344348667281404
377,compsvo17,box,table,0.10549410757771904,0.07627357423657233,0.15274957394500832
378,compsvo17,book,box,0.3208257279571833,0.34026838425735223,0.20237923461844728
379,compsvo17,book,table,0.9999999999999992,0.7158635826038183,0.5260521367683025
380,compsvo17,table,box,0.10441726969133178,0.09427072282790976,0.1992000109202166
381,compsvo17,table,book,0.0956465954387735,0.0785626858321671,0.18591380575140343
382,compsvo18,box,book,0.08943858932270263,0.0777324628774447,0.19427229257201617
383,compsvo18,box,table,0.10897073512846593,0.09170438412247904,0.2168181498620068
384,compsvo18,book,box,0.2847502875135199,0.3104739811278343,0.19081322911787682
385,compsvo18,book,table,0.8792253351213196,0.6789604527114647,0.6915993386571744
386,compsvo18,table,box,0.09863712059891036,0.09207693335968704,0.20165987360030843
387,compsvo18,table,book,0.09565144139980053,0.07856720697833695,0.18593023007926782
388,compsvo19,box,book,0.0713586498466921,0.0648346293097201,0.14353708738288973
389,compsvo19,box,table,0.10479313501881052,0.08951634305010672,0.21218804597055907
390,compsvo19,book,box,0.23739227797960635,0.2453421634614119,0.14899533103601695
391,compsvo19,book,table,0.8802495613117695,0.6790319041346212,0.6916688500789857
392,compsvo19,table,box,0.09539445402017756,0.08998930228836513,0.19715875930881155
393,compsvo19,table,book,0.09565554565272943,0.07857101552426986,0.18594421785113094
394,compsvo23v,jar,board,0.11833838056250914,0.0903984769065098,0.21860640813814128
395,compsvo23v,jar,table,0.27849569559222903,0.5917819043451245,0.7030344452909616
396,compsvo23v,jar,clock,0.09055306550140856,0.07787340242048614,0.19017004596758774
397,compsvo23v,board,jar,0.10692745957339768,0.09800193074344517,0.21486758364181288
398,compsvo23v,board,table,0.5015802971863085,0.4305786681484711,0.5980760164739515
399,compsvo23v,board,clock,0.17838628758143205,0.16708032776235687,0.22843249938684865
400,compsvo23v,table,jar,0.09442796836149256,0.07752999210862334,0.18374989541303735
401,compsvo23v,table,board,0.08992477187613007,0.07519843437743784,0.1826032442335127
402,compsvo23v,table,clock,0.08389219374770975,0.07139574265618867,0.16259569284385042
403,compsvo23v,clock,jar,0.28608088598603004,0.3165738146317528,0.20600744976764337
404,compsvo23v,clock,board,0.503370409434569,0.1586891165314445,0.20427444021634425
405,compsvo23v,clock,table,0.29034711396336554,0.2675879976223575,0.42873378090060826
406,compsvo24,pear,book,0.5019204548830906,0.4459270024058642,0.6118278366866257
407,compsvo24,pear,table,0.5527663543202864,0.4802225157464842,0.5109791057882186
408,compsvo24,book,pear,0.09443858769412357,0.07716379435341691,0.1857719182457718
409,compsvo24,book,table,0.4535107681016593,0.4196641282685899,0.6864778410431128
410,compsvo24,table,pear,0.08596995587813085,0.0731866888105241,0.17836170241241545
411,compsvo24,table,book,0.09173354431056993,0.07748497391091919,0.18903133554047089
412,compsvo24v,jar,board,0.11066439601453408,0.08797991750552904,0.1967443182495495
413,compsvo24v,jar,table,0.27764683703584125,0.5714729801026655,0.684092917961748
414,compsvo24v,jar,clock,0.08512479944566444,0.07253950548931541,0.16899791950448845
415,compsvo24v,board,jar,0.10349995336571878,0.09585386658432808,0.20380790510656194
416,compsvo24v,board,table,0.5249786862007036,0.44302527343107373,0.6158072464982859
417,compsvo24v,board,clock,0.16839078185753645,0.15839754708029874,0.21705582420857197
418,compsvo24v,table,jar,0.09496500517712836,0.0774793020342093,0.1837499551244535
419,compsvo24v,table,board,0.08991030783103449,0.07518440150247395,0.18254924743818277
420,compsvo24v,table,clock,0.08388931456727189,0.07139282928528208,0.16258542618527397
421,compsvo24v,clock,jar,0.2818932191933417,0.3080012181072279,0.19903743007197428
422,compsvo24v,clock,board,0.5032880071630609,0.15867292376246453,0.2042559166791106
423,compsvo24v,clock,table,0.29271476198477464,0.2685328573047396,0.4307464106252615
424,compsvo26,balloon,book,0.2479641279082384,0.2597437777499961,0.1578165868663473
425,compsvo26,balloon,table,0.34864590521642624,0.3582183293250241,0.20943545355634438
426,compsvo26,book,balloon,0.07410145456443072,0.06589526890523999,0.14584839489217494
427,compsvo26,book,table,0.4496813152092185,0.4219088372107753,0.6998878066115868
428,compsvo26,table,balloon,0.08776321081167411,0.07374870218789621,0.17811083635292707
429,compsvo26,table,book,0.09168856602672996,0.07749390824170804,0.1909834258336538
430,compsvo27,box,book,0.07888974097177068,0.06955557585766338,0.1707348057152742
431,compsvo27,box,table,0.10579031905871274,0.07634405188357828,0.15280541083502744
432,compsvo27,book,box,0.2833546230041366,0.29975028291300704,0.18732507855446273
433,compsvo27,book,table,0.4653395917509677,0.4304538720046226,0.691022947792845
434,compsvo27,table,box,0.10425469796304818,0.09421636942520344,0.19915403009619112
435,compsvo27,table,book,0.09269516253236547,0.07796726322558023,0.19076471728556238
436,compsvo28,box,book,0.09478983403237727,0.07987887947537815,0.2076178579131231
437,compsvo28,box,table,0.10904926081958936,0.09166623356219393,0.2166566774822655
438,compsvo28,book,box,0.30230765574377394,0.3413241117620924,0.20458466432766959
439,compsvo28,book,table,0.4485007360404829,0.41508959398800893,0.6789289226860896
440,compsvo28,table,box,0.09859417351559592,0.09204374160232996,0.20159310780779457
441,compsvo28,table,book,0.09155383491915332,0.07744092178254756,0.18927697975573102
442,compsvo29,box,book,0.09074819682631262,0.07678527881803897,0.19001382413496695
443,compsvo29,box,table,0.10456452013216512,0.08906892868356574,0.21107607528465797
444,compsvo29,book,box,0.29091510166586343,0.3258332271317866,0.199678931704169
445,compsvo29,book,table,0.4494658160256053,0.4157496858654721,0.6805363062432307
446,compsvo29,table,box,0.09508987339313736,0.08977820705054725,0.19702711046276294
447,compsvo29,table,book,0.09155639353776228,0.07744344973038224,0.18928673831735052
448,compsvo34v,jar,book,0.1096401034640846,0.09700004319499762,0.20677113599761154
449,compsvo34v,jar,board,0.1183271315149344,0.09038962621472606,0.21857424307527012
450,compsvo34v,jar,table,0.2784313095235386,0.5904183199957054,0.7017496343345441
451,compsvo34v,book,jar,0.11202256324730868,0.08870927020100645,0.19724116981802098
452,compsvo34v,book,board,0.1080131826349324,0.08699227528042455,0.19254732351322443
453,compsvo34v,book,table,0.926952187030054,0.6658158308253944,0.6773604891235542
454,compsvo34v,board,jar,0.1063795204155348,0.09735619787594313,0.21293351312827255
455,compsvo34v,board,book,0.09947320070451822,0.09358180877633968,0.197835423215184
456,compsvo34v,board,table,0.5032921375717206,0.4315305580558748,0.5994382939560077
457,compsvo34v,table,jar,0.0944357034829022,0.0775371971824657,0.18377636848711476
458,compsvo34v,table,book,0.0961160573261198,0.07861576038101223,0.18575221934147115
459,compsvo34v,table,board,0.08990665139027519,0.07518085531850305,0.18253560324817603
460,compsvo67,balloon,box,0.2599309951182326,0.28723354705969123,0.17350007286169317
461,compsvo67,balloon,table,0.34864590521642624,0.3582183293250241,0.20943545355634438
462,compsvo67,box,balloon,0.08406025931918913,0.07120115423890133,0.15926346003593675
463,compsvo67,box,table,0.10579010456756394,0.07634399301867681,0.1528053959406209
464,compsvo67,table,balloon,0.08776320466230103,0.07374869615078802,0.17811081321291475
465,compsvo67,table,box,0.1042266315990509,0.09420527181101722,0.1991452124082316
466,compsvo68,balloon,box,0.27753552071488763,0.3073641391660577,0.18743527225523665
467,compsvo68,balloon,table,0.3517982468694418,0.3561007971526007,0.20902655367192438
468,compsvo68,box,balloon,0.08622432994785592,0.07305677676764437,0.17134054934428736
469,compsvo68,box,table,0.10892873874686444,0.09170344678190477,0.21604258824604716
470,compsvo68,table,balloon,0.08603233492345122,0.07307407262876688,0.17649939606468346
471,compsvo68,table,box,0.09881287269056364,0.09215987496384988,0.2005013150840472
472,compsvo68a,balloon,box,0.31653037633926984,0.3513483468099837,0.2280099936732707
473,compsvo68a,balloon,table,0.1037689311314155,0.10156488677801673,0.24882830627367203
474,compsvo68a,box,balloon,0.09030544638332433,0.07518975404469419,0.18896943630778593
475,compsvo68a,box,table,0.10892591854317517,0.09170578889561372,0.21605069284707126
476,compsvo68a,table,balloon,0.10502717975753062,0.0856988707461118,0.19610498450893704
477,compsvo68a,table,box,0.09881323411593072,0.09216030222138004,0.2005026105424138
478,compsvo69a,balloon,box,0.2951430642258287,0.3288128396404083,0.2110392245768539
479,compsvo69a,balloon,table,0.1036384658555551,0.101709681242,0.24864893534415086
480,compsvo69a,box,balloon,0.08867676399550506,0.07459753274752609,0.18133695275367515
481,compsvo69a,box,table,0.10393937214926148,0.08848218866661127,0.20926198758193484
482,compsvo69a,table,balloon,0.10483657531289872,0.08563870764611828,0.19598090545137464
483,compsvo69a,table,box,0.09460280913925682,0.0894348172551575,0.19607029385635596
484,compsvo78,box,box (1),0.09902872333003404,0.08406764774346884,0.19074400243819087
485,compsvo78,box,table,0.10908563852952548,0.09158369656208948,0.21639817631521355
486,compsvo78,box (1),box,0.09963883619828456,0.08733899774098385,0.20080894748267106
487,compsvo78,box (1),table,0.12365697199956055,0.09148537842649347,0.21128640224004772
488,compsvo78,table,box,0.09863724913853912,0.09207708579051124,0.20166034024306706
489,compsvo78,table,box (1),0.1064652039243347,0.09572529855348057,0.20503833070227992
490,compsvo79,box,box (1),0.09324276243696322,0.08183090186901565,0.18443433479178664
491,compsvo79,box,table,0.10297279321297699,0.0885562140182269,0.21039700480115825
492,compsvo79,box (1),box,0.093055940051366,0.0827855646947727,0.18681441121315476
493,compsvo79,box (1),table,0.12365911626590365,0.09148176532475803,0.21127429271567877
494,compsvo79,table,box,0.0939562430846471,0.08900626616390248,0.19558359341349268
495,compsvo79,table,box (1),0.10647830736210732,0.0957395870930564,0.20507995370957113
496,compsvo89,box,box (1),0.05650588953592424,0.053127903853057976,0.0976112245476278
497,compsvo89,box,table,0.10908563852952548,0.09158369656208948,0.21639817631521355
498,compsvo89,box (1),box,0.05671813829496958,0.054561030405897715,0.10121604985418504
499,compsvo89,box (1),table,0.09400335145386228,0.08296308615886826,0.2030282182537071
500,compsvo89,table,box,0.09863724913853912,0.09207708579051124,0.20166034024306706
501,compsvo89,table,box (1),0.08633561517908796,0.08344737033712564,0.1892613576917006
502,compsvu15,balloon,book,0.3029724429138884,0.34138800623574056,0.20337317430590982
503,compsvu15,balloon,table,0.345601894061748,0.35032010158901244,0.20562820146579341
504,compsvu15,book,balloon,0.08975011230025533,0.07451223242725671,0.18782507716737962
505,compsvu15,book,table,0.8361852732137964,0.6480626347012757,0.6783485650983316
506,compsvu15,table,balloon,0.08565432452567187,0.07274512966383062,0.17359153355472487
507,compsvu15,table,book,0.0933812904479558,0.07785811902760649,0.18452521864082477
508,compsvu16,balloon,book,0.2831283422290381,0.3107383082706001,0.19028836408296335
509,compsvu16,balloon,table,0.345601894061748,0.35032010158901244,0.20562820146579341
510,compsvu16,book,balloon,0.08550192519899116,0.07302674373004059,0.17384960082886364
511,compsvu16,book,table,0.8547234673142611,0.6773501991861521,0.6907550265833343
512,compsvu16,table,balloon,0.08565432917347565,0.07274513433011966,0.17359155116270047
513,compsvu16,table,book,0.0966102941951273,0.07856092180810798,0.18568155934589617
514,compsvu17,box,box (1),0.1021402126178719,0.0841619224133245,0.1834712021623146
515,compsvu17,box,table,0.10478629373076176,0.07607110960996179,0.15255894231080935
516,compsvu17,box (1),box,0.10252684664097456,0.08432111782023377,0.18361169280999537
517,compsvu17,box (1),table,0.1004530722216973,0.08259761552461876,0.19776179825982199
518,compsvu17,table,box,0.10369885649666634,0.09401656119972686,0.19949310888093882
519,compsvu17,table,box (1),0.09247138125204772,0.08792458828010066,0.1968430528699777
520,compsvu23,box,pear,0.1036690611334599,0.09547481764621188,0.20398214194839975
521,compsvu23,box,table,0.495242620664533,0.4338496838753945,0.6298179947957492
522,compsvu23,box,book,0.09081291581921076,0.07749601670173849,0.19802187224004195
523,compsvu23,pear,box,0.11144008744411577,0.0891404214785626,0.20050032077575744
524,compsvu23,pear,table,0.4877468995833134,0.4293441507826444,0.5904596117324272
525,compsvu23,pear,book,0.08969349530154344,0.07527337764639623,0.18471239045704166
526,compsvu23,table,box,0.0932842317442444,0.07784199361534039,0.18503901874039275
527,compsvu23,table,pear,0.09629064977562338,0.07856546899416328,0.1845133410768691
528,compsvu23,table,book,0.08818880187424911,0.07389816969837099,0.1781565075031887
529,compsvu23,book,box,0.3882686346009874,0.38709486587511344,0.6685055087252834
530,compsvu23,book,pear,0.29332845296359256,0.32979145000022386,0.20281531277089404
531,compsvu23,book,table,0.4356764924776919,0.3790289744145766,0.5225543258071981
532,compsvu25,book (1),cube,0.13747134047185594,0.1047904131693338,0.25575508280751263
533,compsvu25,book (1),book,0.2106080537498555,0.14321119003313182,0.42709528921624396
534,compsvu25,book (1),table,0.5156600832340079,0.4365592578717138,0.625864251115272
535,compsvu25,cube,book (1),0.124066086634707,0.0968645225466279,0.22433390180426177
536,compsvu25,cube,book,0.11668923370527795,0.08409579742906523,0.18993737487600118
537,compsvu25,cube,table,0.6252523708523327,0.7402616314393965,0.7766675846556653
538,compsvu25,book,book (1),0.12675330724648495,0.10110451471631464,0.23531265177900224
539,compsvu25,book,cube,0.18735141966591315,0.17312312244342914,0.4610268550192524
540,compsvu25,book,table,0.5239561672941082,0.4623225763323636,0.685731486607052
541,compsvu25,table,book (1),0.0937339842191889,0.07798618390309876,0.18474740925298577
542,compsvu25,table,cube,0.10176612865214096,0.08265139501161857,0.1879096426021994
543,compsvu25,table,book,0.09434669583576087,0.07818530522534367,0.18463568431362137
544,compsvu25a,box,balloon,0.06433257925015437,0.05917607458681255,0.13583595989008998
545,compsvu25a,box,table,0.07911875215036715,0.07067313293268468,0.1766454155629729
546,compsvu25a,balloon,box,0.2336012396826564,0.23645272076351295,0.14679790383943306
547,compsvu25a,balloon,table,0.3402782776883162,0.35337889233874753,0.20655364690398653
548,compsvu25a,table,box,0.07593551754314798,0.07505519821090194,0.1802780718945747
549,compsvu25a,table,balloon,0.08806204316564717,0.0735304435283697,0.1757582120828089
550,compsvu34,book (1),picture,0.7635027385014751,0.688022815526914,0.7126209725534303
551,compsvu34,book (1),table,0.4945660196862158,0.40993838421317136,0.5430473876558227
552,compsvu34,picture,book (1),0.1088416424262006,0.08543774412281391,0.1978883250381793
553,compsvu34,picture,table,0.2867507382465988,0.5776139477068691,0.6936450101804318
554,compsvu34,table,book (1),0.0883640243400331,0.07417148172581609,0.18120081595693166
555,compsvu34,table,picture,0.09444338878840808,0.07829218020725771,0.18729012179097815
556,compsvu53,box,book,0.0833873767658576,0.0721918147468181,0.1830025150159648
557,compsvu53,box,table,0.10479563810518176,0.07607780785585501,0.1525786836457868
558,compsvu53,book,box,0.3250061560772593,0.34049330527086963,0.20240091770975155
559,compsvu53,book,table,0.9998458710696952,0.7157949829183052,0.5258872671299586
560,compsvu53,table,box,0.10369890127373013,0.09401661097120244,0.19949325268075174
561,compsvu53,table,book,0.0956465954387735,0.0785626858321671,0.18591380575140343
562,compsvu56,box,balloon,0.07971136693353907,0.06973870345693882,0.1676766720727564
563,compsvu56,box,table,0.07911875215036715,0.07067313293268468,0.1766454155629729
564,compsvu56,balloon,box,0.2974604173642474,0.30855634613773564,0.18315233371995804
565,compsvu56,balloon,table,0.2832437002682068,0.3005333322753942,0.18731406048294308
566,compsvu56,table,box,0.07593551754314798,0.07505519821090194,0.1802780718945747
567,compsvu56,table,balloon,0.07953381925506414,0.0699351510759943,0.1709399617903774
568,compsvu63,box,book,0.08729560000789575,0.07376744053936811,0.17632894553131562
569,compsvu63,box,table,0.10478629472785173,0.07607111033107718,0.15255894436360987
570,compsvu63,book,box,0.28478487903579525,0.31668587908074564,0.19369048864848934
571,compsvu63,book,table,0.8713774272411186,0.6779117941756847,0.6900631731048038
572,compsvu63,table,box,0.1036989084035156,0.09401661889624714,0.19949327557780264
573,compsvu63,table,book,0.09573584440043008,0.07858157374168599,0.18598344268598638
574,compsvu67,box,balloon,0.0829125423328221,0.0711785684203519,0.1619943973808191
575,compsvu67,box,table,0.07911875215036715,0.07067313293268468,0.1766454155629729
576,compsvu67,balloon,box,0.26720166427314845,0.29176976289974105,0.17711949268869842
577,compsvu67,balloon,table,0.2601446955828071,0.2684866432932804,0.16807184549523976
578,compsvu67,table,box,0.07593551754314798,0.07505519821090194,0.1802780718945747
579,compsvu67,table,balloon,0.07176422321750686,0.06469847247920915,0.15452050254681657
580,compsvu67a,box,balloon,0.03974182519586602,0.03864405450705317,0.07317269904136396
581,compsvu67a,box,table,0.07911875215036715,0.07067313293268468,0.1766454155629729
582,compsvu67a,balloon,box,0.1425563739531999,0.1383397676401544,0.0772047211517676
583,compsvu67a,balloon,table,0.2875165981405571,0.3079020650345469,0.19125957366546498
584,compsvu67a,table,box,0.07593551754314798,0.07505519821090194,0.1802780718945747
585,compsvu67a,table,balloon,0.0815877617138593,0.07117875388404116,0.17429731373106433
586,compsvul,lamp,pencil,0.1142187531054492,0.1037465474008634,0.23031391239855947
587,compsvul,lamp,bowl,0.1152800380461413,0.10347156495741178,0.23009194971218103
588,compsvul,lamp,table,0.4685262257379506,0.4108713533702377,0.5676766698127763
589,compsvul,pencil,lamp,0.26500988854259483,0.1838417936441807,0.3146898453014068
590,compsvul,pencil,bowl,0.11746074066264299,0.09190871268196164,0.20730907244360414
591,compsvul,pencil,table,0.4516718866534338,0.39247404629611576,0.5300255436098578
592,compsvul,bowl,lamp,0.11915493374485855,0.08557769457558795,0.19056567362460922
593,compsvul,bowl,pencil,0.1101625455880572,0.09197018409180856,0.20108897800097933
594,compsvul,bowl,table,0.5087229589395317,0.44172159079057305,0.6201320561273385
595,compsvul,table,lamp,0.10629231973595994,0.08574412490912478,0.19151567711285813
596,compsvul,table,pencil,0.08710719438962147,0.07367761216437455,0.1785486113011892
597,compsvul,table,bowl,0.09548702254303824,0.07848093275842384,0.1845203645646055
598,compsvula,lamp,pencil,0.1142119889059902,0.10341058843319606,0.22931118744177048
599,compsvula,lamp,bowl,0.10128520744984268,0.09581200023625808,0.20399305177965893
600,compsvula,lamp,table,0.4687870050684749,0.41104324164864015,0.5679233999503941
601,compsvula,pencil,lamp,0.2664187140298715,0.1842109999469627,0.31533914126187784
602,compsvula,pencil,bowl,0.10407878210825147,0.08621026992872755,0.18714885775010806
603,compsvula,pencil,table,0.47621299444024295,0.3962815228178989,0.5353132165185764
604,compsvula,bowl,lamp,0.10091922288177617,0.0834697958740483,0.18170743648819712
605,compsvula,bowl,pencil,0.09817903993445376,0.08601366459424757,0.18097151057207886
606,compsvula,bowl,table,0.5106105035792974,0.4435424652096823,0.6221904640982469
607,compsvula,table,lamp,0.1062926013841819,0.0857443723947815,0.1915164801343051
608,compsvula,table,pencil,0.08708286006523097,0.07365335908537816,0.1784551359316647
609,compsvula,table,bowl,0.09558053171515653,0.07849177211210465,0.1845016739454998
610,compsvinew2,shelf,mug,0.11167211463495534,0.0986105844712402,0.22405620992445996
611,compsvinew2,shelf,table,0.5063526493457838,0.4355509682610639,0.5971579181143615
612,compsvinew2,shelf,box,0.27652111663526546,0.3240599553676747,0.20310783391355144
613,compsvinew2,mug,shelf,0.341726967529734,0.39927646186052973,0.38226817696925625
614,compsvinew2,table,shelf,0.08923745173430002,0.07446384842216533,0.18253811625638416
615,compsvinew2,box,shelf,0.11699860944927375,0.08267663388029102,0.1751777513440395
